"Year","Geography Group","Geography","Title III Expenditures - Total - All Services","Title III Expenditures - Personal Care","Title III Expenditures - Homemaker","Title III Expenditures - Chore","Title III Expenditures - Home Delivered Meals","Title III Expenditures - Adult Day Care","Title III Expenditures - Case Management","Title III Expenditures - Congregate Meals","Title III Expenditures - Nutrition Counseling","Title III Expenditures - Assisted Transportation","Title III Expenditures - Transportation","Title III Expenditures - Legal Assistance","Title III Expenditures - Nutrition Education","Title III Expenditures - Information & Assistance","Title III Expenditures - Outreach","Title III Expenditures - Other","Title III Expenditures - Health Promotion","Title III Expenditures - Cash & Counseling","Title III Expenditures Percentages - Personal Care","Title III Expenditures Percentages - Homemaker","Title III Expenditures Percentages - Chore","Title III Expenditures Percentages - Home Delivered Meals","Title III Expenditures Percentages - Adult Day Care","Title III Expenditures Percentages - Case Management","Title III Expenditures Percentages - Congregate Meals","Title III Expenditures Percentages - Nutrition Counseling","Title III Expenditures Percentages - Assisted Transportation","Title III Expenditures Percentages - Transportation","Title III Expenditures Percentages - Legal Assistance","Title III Expenditures Percentages - Nutrition Education","Title III Expenditures Percentages - Information & Assistance","Title III Expenditures Percentages - Outreach","Title III Expenditures Percentages - Other","Title III Expenditures Percentages - Health Promotion","Title III Expenditures Percentages - Cash & Counseling","Total Expenditures - Total - All Services","Total Expenditures - Personal Care","Total Expenditures - Homemaker","Total Expenditures - Chore","Total Expenditures - Home Delivered Meals","Total Expenditures - Adult Day Care","Total Expenditures - Case Management","Total Expenditures - Congregate Meals","Total Expenditures - Nutrition Counseling","Total Expenditures - Assisted Transportation","Total Expenditures - Transportation","Total Expenditures - Legal Assistance","Total Expenditures - Nutrition Education","Total Expenditures - Information & Assistance","Total Expenditures - Outreach","Total Expenditures - Other","Total Expenditures - Health Promotion","Total Expenditures - Cash & Counseling","Total Expenditures Percentages - Personal Care","Total Expenditures Percentages - Homemaker","Total Expenditures Percentages - Chore","Total Expenditures Percentages - Home Delivered Meals","Total Expenditures Percentages - Adult Day Care","Total Expenditures Percentages - Case Management","Total Expenditures Percentages - Congregate Meals","Total Expenditures Percentages - Nutrition Counseling","Total Expenditures Percentages - Assisted Transportation","Total Expenditures Percentages - Transportation","Total Expenditures Percentages - Legal Assistance","Total Expenditures Percentages - Nutrition Education","Total Expenditures Percentages - Information & Assistance","Total Expenditures Percentages - Outreach","Total Expenditures Percentages - Other","Total Expenditures Percentages - Health Promotion","Total Expenditures Percentages - Cash & Counseling","Title III Expenditures:  Percent of Total Expenditures - Personal Care","Title III Expenditures:  Percent of Total Expenditures - Homemaker","Title III Expenditures:  Percent of Total Expenditures - Chore","Title III Expenditures:  Percent of Total Expenditures - Home Delivered Meals","Title III Expenditures:  Percent of Total Expenditures - Adult Day Care","Title III Expenditures:  Percent of Total Expenditures - Case Management","Title III Expenditures:  Percent of Total Expenditures - Congregate Meals","Title III Expenditures:  Percent of Total Expenditures - Nutrition Counseling","Title III Expenditures:  Percent of Total Expenditures - Assisted Transportation","Title III Expenditures:  Percent of Total Expenditures - Transportation","Title III Expenditures:  Percent of Total Expenditures - Legal Assistance","Title III Expenditures:  Percent of Total Expenditures - Nutrition Education","Title III Expenditures:  Percent of Total Expenditures - Information & Assistance","Title III Expenditures:  Percent of Total Expenditures - Outreach","Title III Expenditures:  Percent of Total Expenditures - Other","Title III Expenditures:  Percent of Total Expenditures - Health Promotion","Title III Expenditures:  Percent of Total Expenditures - Cash & Counseling","Expenditures per Client - Personal Care","Expenditures per Client - Homemaker","Expenditures per Client - Chore","Expenditures per Client - Home Delivered Meals","Expenditures per Client - Adult Day Care","Expenditures per Client - Case Management","Expenditures per Client - Congregate Meals","Expenditures per Client - Nutrition Counseling","Expenditures per Client - Assisted Transportation","OAA Expenditures by Part and Percentages - Part B","OAA Expenditures by Part and Percentages - Part C1","OAA Expenditures by Part and Percentages - Part C2","OAA Expenditures by Part and Percentages - Part D","OAA Expenditures by Part and Percentages - Percent Part B","OAA Expenditures by Part and Percentages - Percent Part C1","OAA Expenditures by Part and Percentages - Percent Part C2","OAA Expenditures by Part and Percentages - Percent Part D","Title III Expenditures by Cluster and Percentages - Cluster 1","Title III Expenditures by Cluster and Percentages - Cluster 2","Title III Expenditures by Cluster and Percentages - Cluster 3","Title III Expenditures by Cluster and Percentages - Other","Title III Expenditures by Cluster and Percentages - Percent Cluster 1","Title III Expenditures by Cluster and Percentages - Percent Cluster 2","Title III Expenditures by Cluster and Percentages - Percent Cluster 3","Title III Expenditures by Cluster and Percentages - Percent Other","Total Expenditures by Cluster and Percentages - Cluster 1","Total Expenditures by Cluster and Percentages - Cluster 2","Total Expenditures by Cluster and Percentages - Cluster 3","Total Expenditures by Cluster and Percentages - Other","Total Expenditures by Cluster and Percentages - Percent Cluster 1","Total Expenditures by Cluster and Percentages - Percent Cluster 2","Total Expenditures by Cluster and Percentages - Percent Cluster 3","Total Expenditures by Cluster and Percentages - Percent Other","Program Income Received - Total - All Services","Program Income Received - Personal Care","Program Income Received - Homemaker","Program Income Received - Chore","Program Income Received - Home Delivered Meals","Program Income Received - Adult Day Care","Program Income Received - Case Management","Program Income Received - Congregate Meals","Program Income Received - Nutrition Counseling","Program Income Received - Assisted Transportation","Program Income Received - Transportation","Program Income Received - Legal Assistance","Program Income Received - Nutrition Education","Program Income Received - Information & Assistance","Program Income Received - Outreach","Program Income Received - Other","Program Income Received - Health Promotion","Program Income Received - Cash & Counseling","Income Received Percentages - Personal Care","Income Received Percentages - Homemaker","Income Received Percentages - Chore","Income Received Percentages - Home Delivered Meals","Income Received Percentages - Adult Day Care","Income Received Percentages - Case Management","Income Received Percentages - Congregate Meals","Income Received Percentages - Nutrition Counseling","Income Received Percentages - Assisted Transportation","Income Received Percentages - Transportation","Income Received Percentages - Legal Assistance","Income Received Percentages - Nutrition Education","Income Received Percentages - Information & Assistance","Income Received Percentages - Outreach","Income Received Percentages - Other","Income Received Percentages - Health Promotion","Income Received Percentages - Cash & Counseling"
"2015","States","Alabama","$14,742,438","$25,914","$205,669","$27,988","$4,716,576","$14,924","$85,617","$5,993,510","$2,042","$29,129","$1,063,983","$321,296","$90,912","$479,932","$311,682","$1,071,933","$301,330","$0","0.2 %","1.4 %","0.2 %","32.0 %","0.1 %","0.6 %","40.7 %","0.0 %","0.2 %","7.2 %","2.2 %","0.6 %","3.3 %","2.1 %","7.3 %","2.0 %","0.0 %","$85,298,681","$8,547,308","$15,770,725","$49,520","$20,713,985","$283,695","$14,425,188","$15,099,504","$6,904","$85,974","$2,645,773","$701,869","$235,341","$1,928,130","$616,676","$3,011,209","$677,911","$498,971","10.0 %","18.5 %","0.1 %","24.3 %","0.3 %","16.9 %","17.7 %","0.0 %","0.1 %","3.1 %","0.8 %","0.3 %","2.3 %","0.7 %","3.5 %","0.8 %","0.6 %","0.3 %","1.3 %","56.5 %","22.8 %","5.3 %","0.6 %","39.7 %","29.6 %","33.9 %","40.2 %","45.8 %","38.6 %","24.9 %","50.5 %","35.6 %","44.4 %","0.0 %","$2,192","$2,558","$317","$1,093","$2,781","$626","$663","$126","$261","$3,646,840","$5,533,555","$4,189,661","$286,796","24.7 %","37.5 %","28.4 %","1.9 %","$5,076,687","$6,024,682","$2,569,136","$1,071,933","34.4 %","40.9 %","17.4 %","7.3 %","$59,790,420","$15,192,382","$7,304,670","$3,011,209","70.1 %","17.8 %","8.6 %","3.5 %","$2,107,252","$0","$0","$0","$485,874","$0","$0","$1,469,268","$0","$0","$152,110","$0","$0","$0","$0","$0","$0","$0","0.0 %","0.0 %","0.0 %","23.1 %","0.0 %","0.0 %","69.7 %","0.0 %","0.0 %","7.2 %","0.0 %","0.0 %","0.0 %","0.0 %","0.0 %","0.0 %","0.0 %"
"2015","States","Alaska","$4,400,000","$0","$84,003","$0","$1,266,881","$0","$0","$1,446,031","$0","$305,791","$836,298","$100,824","$4,472","$62,626","$13,881","$180,540","$98,653","$0","0.0 %","1.9 %","0.0 %","28.8 %","0.0 %","0.0 %","32.9 %","0.0 %","6.9 %","19.0 %","2.3 %","0.1 %","1.4 %","0.3 %","4.1 %","2.2 %","0.0 %","$23,909,508","$0","$178,024","$1,114,326","$5,248,808","$3,977,309","$0","$4,783,825","$0","$1,771,644","$3,911,896","$178,353","$17,046","$404,209","$104,821","$1,841,274","$377,973","$0","0.0 %","0.7 %","4.7 %","22.0 %","16.6 %","0.0 %","20.0 %","0.0 %","7.4 %","16.4 %","0.7 %","0.1 %","1.7 %","0.4 %","7.7 %","1.6 %","0.0 %","0.0 %","47.2 %","0.0 %","24.1 %","0.0 %","0.0 %","30.2 %","0.0 %","17.3 %","21.4 %","56.5 %","26.2 %","15.5 %","13.2 %","9.8 %","26.1 %","0.0 %","$0","$589","$2,879","$1,561","$9,250","$0","$609","$0","$1,071","$1,583,963","$1,450,503","$1,266,881","$98,653","36.0 %","33.0 %","28.8 %","2.2 %","$1,350,884","$1,751,822","$1,116,754","$180,540","30.7 %","39.8 %","25.4 %","4.1 %","$10,518,467","$6,555,469","$4,994,298","$1,841,274","44.0 %","27.4 %","20.9 %","7.7 %","$1,937,032","$0","$4,239","$0","$308,638","$0","$0","$561,567","$0","$74,905","$896,844","$0","$0","$6,817","$2,443","$81,579","$0","$0","0.0 %","0.2 %","0.0 %","15.9 %","0.0 %","0.0 %","29.0 %","0.0 %","3.9 %","46.3 %","0.0 %","0.0 %","0.4 %","0.1 %","4.2 %","0.0 %","0.0 %"
"2015","States","Arizona","$20,330,903","$841,125","$642,518","$0","$4,586,595","$120,710","$1,309,685","$4,259,627","$0","$0","$799,569","$521,818","$0","$879,909","$244,854","$5,565,756","$558,737","$0","4.1 %","3.2 %","0.0 %","22.6 %","0.6 %","6.4 %","21.0 %","0.0 %","0.0 %","3.9 %","2.6 %","0.0 %","4.3 %","1.2 %","27.4 %","2.7 %","0.0 %","$36,191,113","$3,258,200","$2,426,980","$0","$6,595,875","$434,451","$4,532,810","$4,877,123","$0","$0","$1,133,090","$717,103","$0","$1,909,733","$461,111","$9,174,840","$669,797","$0","9.0 %","6.7 %","0.0 %","18.2 %","1.2 %","12.5 %","13.5 %","0.0 %","0.0 %","3.1 %","2.0 %","0.0 %","5.3 %","1.3 %","25.4 %","1.9 %","0.0 %","25.8 %","26.5 %","0.0 %","69.5 %","27.8 %","28.9 %","87.3 %","0.0 %","0.0 %","70.6 %","72.8 %","0.0 %","46.1 %","53.1 %","60.7 %","83.4 %","0.0 %","$1,785","$893","$0","$649","$5,570","$388","$235","$0","$0","$10,826,255","$4,259,627","$4,586,595","$476,550","53.3 %","21.0 %","22.6 %","2.3 %","$7,500,633","$4,259,627","$3,004,887","$5,565,756","36.9 %","21.0 %","14.8 %","27.4 %","$17,248,316","$4,877,123","$4,890,834","$9,174,840","47.7 %","13.5 %","13.5 %","25.4 %","$1,407,210","$24,856","$0","$0","$303,159","$92","$0","$909,687","$0","$0","$131,920","$10,066","$0","$2,140","$0","$25,265","$25","$0","1.8 %","0.0 %","0.0 %","21.5 %","0.0 %","0.0 %","64.6 %","0.0 %","0.0 %","9.4 %","0.7 %","0.0 %","0.2 %","0.0 %","1.8 %","0.0 %","0.0 %"
"2015","States","Arkansas","$9,216,151","$4,213","$8,347","$0","$2,647,780","$34,722","$466,579","$3,459,971","$0","$2,939","$856,323","$165,437","$0","$420,567","$0","$938,188","$192,196","$18,889","0.0 %","0.1 %","0.0 %","28.7 %","0.4 %","5.1 %","37.5 %","0.0 %","0.0 %","9.3 %","1.8 %","0.0 %","4.6 %","0.0 %","10.2 %","2.1 %","0.2 %","$32,872,132","$1,930,282","$344,198","$132,842","$10,837,973","$216,036","$3,354,741","$7,720,491","$0","$4,247","$2,893,604","$175,840","$16,016","$922,219","$54,814","$3,727,739","$315,585","$225,505","5.9 %","1.0 %","0.4 %","33.0 %","0.7 %","10.2 %","23.5 %","0.0 %","0.0 %","8.8 %","0.5 %","0.0 %","2.8 %","0.2 %","11.3 %","1.0 %","0.7 %","0.2 %","2.4 %","0.0 %","24.4 %","16.1 %","13.9 %","44.8 %","0.0 %","69.2 %","29.6 %","94.1 %","0.0 %","45.6 %","0.0 %","25.2 %","60.9 %","8.4 %","$1,621","$1,812","$498","$752","$3,131","$473","$338","$0","$250","$2,878,086","$3,459,971","$2,647,780","$192,196","31.2 %","37.5 %","28.7 %","2.1 %","$3,161,641","$3,462,910","$1,653,412","$938,188","34.3 %","37.6 %","17.9 %","10.2 %","$16,816,072","$7,724,738","$4,603,583","$3,727,739","51.2 %","23.5 %","14.0 %","11.3 %","$3,923,640","$0","$0","$0","$1,219,522","$0","$0","$1,865,600","$0","$1,082","$475,432","$0","$0","$19,750","$0","$322,357","$19,897","$0","0.0 %","0.0 %","0.0 %","31.1 %","0.0 %","0.0 %","47.5 %","0.0 %","0.0 %","12.1 %","0.0 %","0.0 %","0.5 %","0.0 %","8.2 %","0.5 %","0.0 %"
"2015","States","California","$83,815,838","$754,434","$1,741,958","$133,107","$27,442,700","$1,463,748","$3,708,601","$27,295,745","$277,901","$286,790","$2,350,050","$3,469,279","$1,111,019","$6,465,552","$1,152,744","$4,394,889","$1,767,321","$0","0.9 %","2.1 %","0.2 %","32.7 %","1.7 %","4.4 %","32.6 %","0.3 %","0.3 %","2.8 %","4.1 %","1.3 %","7.7 %","1.4 %","5.2 %","2.1 %","0.0 %","$218,476,488","$913,060","$2,149,361","$168,036","$76,557,132","$8,119,618","$7,210,048","$77,482,383","$511,939","$805,425","$7,404,751","$9,571,939","$1,251,263","$9,378,011","$1,406,434","$12,477,312","$3,069,776","$0","0.4 %","1.0 %","0.1 %","35.0 %","3.7 %","3.3 %","35.5 %","0.2 %","0.4 %","3.4 %","4.4 %","0.6 %","4.3 %","0.6 %","5.7 %","1.4 %","0.0 %","82.6 %","81.0 %","79.2 %","35.8 %","18.0 %","51.4 %","35.2 %","54.3 %","35.6 %","31.7 %","36.2 %","88.8 %","68.9 %","82.0 %","35.2 %","57.6 %","0.0 %","$603","$661","$156","$1,384","$8,666","$614","$468","$172","$673","$25,921,152","$28,113,546","$27,797,597","$1,983,543","30.9 %","33.5 %","33.2 %","2.4 %","$35,244,548","$27,860,436","$16,315,965","$4,394,889","42.0 %","33.2 %","19.5 %","5.2 %","$95,117,255","$78,799,747","$32,082,174","$12,477,312","43.5 %","36.1 %","14.7 %","5.7 %","$16,536,669","$3,137","$17,167","$3,268","$6,237,909","$680,172","$59,484","$8,758,361","$0","$28,202","$217,732","$102,435","$7,531","$71,493","$2,241","$332,417","$15,120","$0","0.0 %","0.1 %","0.0 %","37.7 %","4.1 %","0.4 %","53.0 %","0.0 %","0.2 %","1.3 %","0.6 %","0.0 %","0.4 %","0.0 %","2.0 %","0.1 %","0.0 %"
"2015","States","Colorado","$10,447,126","$66,972","$623,859","$27,817","$3,421,449","$11,290","$113,520","$3,746,606","$25,636","$154,071","$895,596","$442,362","$65,695","$297,119","$105,373","$233,336","$216,424","$0","0.6 %","6.0 %","0.3 %","32.8 %","0.1 %","1.1 %","35.9 %","0.2 %","1.5 %","8.6 %","4.2 %","0.6 %","2.8 %","1.0 %","2.2 %","2.1 %","0.0 %","$33,065,609","$273,262","$2,033,621","$716,950","$8,051,782","$331,546","$818,767","$7,714,962","$44,460","$1,627,070","$4,372,177","$847,662","$76,196","$1,123,123","$261,311","$3,953,216","$819,505","$0","0.8 %","6.2 %","2.2 %","24.4 %","1.0 %","2.5 %","23.3 %","0.1 %","4.9 %","13.2 %","2.6 %","0.2 %","3.4 %","0.8 %","12.0 %","2.5 %","0.0 %","24.5 %","30.7 %","3.9 %","42.5 %","3.4 %","13.9 %","48.6 %","57.7 %","9.5 %","20.5 %","52.2 %","86.2 %","26.5 %","40.3 %","5.9 %","26.4 %","0.0 %","$854","$1,330","$333","$861","$4,670","$391","$441","$58","$491","$2,992,091","$3,834,114","$3,438,084","$182,655","28.6 %","36.7 %","32.9 %","1.7 %","$4,264,907","$3,926,312","$2,022,570","$233,336","40.8 %","37.6 %","19.4 %","2.2 %","$12,225,928","$9,386,491","$7,499,974","$3,953,216","37.0 %","28.4 %","22.7 %","12.0 %","$2,500,356","$2,844","$18,040","$25,919","$870,167","$58,916","$2,922","$1,167,732","$0","$62,088","$183,578","$15,171","$18","$43,919","$4,350","$33,605","$11,086","$0","0.1 %","0.7 %","1.0 %","34.8 %","2.4 %","0.1 %","46.7 %","0.0 %","2.5 %","7.3 %","0.6 %","0.0 %","1.8 %","0.2 %","1.3 %","0.4 %","0.0 %"
"2015","States","Connecticut","$11,629,437","$85,328","$300,595","$282,572","$3,110,935","$286,216","$29,863","$4,145,680","$115,138","$31,217","$410,125","$280,568","$184,126","$703,657","$153,060","$1,103,101","$407,256","$0","0.7 %","2.6 %","2.4 %","26.8 %","2.5 %","0.3 %","35.6 %","1.0 %","0.3 %","3.5 %","2.4 %","1.6 %","6.1 %","1.3 %","9.5 %","3.5 %","0.0 %","$31,578,013","$695,851","$1,345,672","$1,096,842","$8,463,848","$1,584,164","$309,493","$7,244,013","$115,138","$63,754","$1,621,466","$699,049","$186,513","$2,804,810","$206,085","$3,975,734","$1,026,391","$139,189","2.2 %","4.3 %","3.5 %","26.8 %","5.0 %","1.0 %","22.9 %","0.4 %","0.2 %","5.1 %","2.2 %","0.6 %","8.9 %","0.7 %","12.6 %","3.3 %","0.4 %","12.3 %","22.3 %","25.8 %","36.8 %","18.1 %","9.6 %","57.2 %","100.0 %","49.0 %","25.3 %","40.1 %","98.7 %","25.1 %","74.3 %","27.7 %","39.7 %","0.0 %","$1,630","$1,362","$1,695","$1,308","$3,035","$534","$450","$70","$724","$3,644,810","$4,250,007","$3,491,122","$243,498","31.3 %","36.5 %","30.0 %","2.1 %","$4,095,509","$4,292,036","$2,138,791","$1,103,101","35.2 %","36.9 %","18.4 %","9.5 %","$13,495,871","$7,422,906","$6,683,503","$3,975,734","42.7 %","23.5 %","21.2 %","12.6 %","$2,714,184","$59,402","$191,406","$180,381","$936,578","$134,115","$0","$892,996","$0","$1,120","$86,253","$1,603","$0","$0","$247","$132,771","$88,760","$8,553","2.2 %","7.1 %","6.6 %","34.5 %","4.9 %","0.0 %","32.9 %","0.0 %","0.0 %","3.2 %","0.1 %","0.0 %","0.0 %","0.0 %","4.9 %","3.3 %","0.3 %"
"2015","States","Delaware","$3,909,831","$926,682","$0","$0","$378,516","$585,696","$772,363","$954,508","$14,802","$20,397","$0","$76,998","$18,806","$62,410","$0","$0","$98,653","$0","23.7 %","0.0 %","0.0 %","9.7 %","15.0 %","19.8 %","24.4 %","0.4 %","0.5 %","0.0 %","2.0 %","0.5 %","1.6 %","0.0 %","0.0 %","2.5 %","0.0 %","$11,907,707","$2,417,591","$0","$0","$3,821,481","$1,227,669","$1,940,032","$1,749,508","$14,802","$35,597","$0","$176,998","$18,806","$406,570","$0","$0","$98,653","$0","20.3 %","0.0 %","0.0 %","32.1 %","10.3 %","16.3 %","14.7 %","0.1 %","0.3 %","0.0 %","1.5 %","0.2 %","3.4 %","0.0 %","0.0 %","0.8 %","0.0 %","38.3 %","0.0 %","0.0 %","9.9 %","47.7 %","39.8 %","54.6 %","100.0 %","57.3 %","0.0 %","43.5 %","100.0 %","15.4 %","0.0 %","100.0 %","100.0 %","0.0 %","$4,241","$0","$0","$912","$4,891","$387","$153","$46","$209","$2,444,546","$976,731","$389,901","$98,653","62.5 %","25.0 %","10.0 %","2.5 %","$2,663,257","$989,707","$256,867","$0","68.1 %","25.3 %","6.6 %","0.0 %","$9,406,773","$1,799,907","$701,027","$0","79.0 %","15.1 %","5.9 %","0.0 %","$1,196,252","$15,920","$0","$0","$396,808","$216,233","$0","$564,301","$0","$520","$0","$2,470","$0","$0","$0","$0","$0","$0","1.3 %","0.0 %","0.0 %","33.2 %","18.1 %","0.0 %","47.2 %","0.0 %","0.0 %","0.0 %","0.2 %","0.0 %","0.0 %","0.0 %","0.0 %","0.0 %","0.0 %"
"2015","States","District of Columbia","$4,899,500","$0","$390,270","$0","$1,028,792","$155,348","$240,000","$2,169,045","$0","$220,030","$0","$72,306","$0","$66,135","$0","$370,000","$187,574","$0","0.0 %","8.0 %","0.0 %","21.0 %","3.2 %","4.9 %","44.3 %","0.0 %","4.5 %","0.0 %","1.5 %","0.0 %","1.3 %","0.0 %","7.6 %","3.8 %","0.0 %","$29,283,365","$0","$2,535,549","$46,381","$4,412,058","$798,026","$1,838,983","$3,814,760","$373,407","$3,741,088","$2,015,637","$1,308,541","$19,151","$194,543","$455,505","$4,200,687","$3,529,049","$0","0.0 %","8.7 %","0.2 %","15.1 %","2.7 %","6.3 %","13.0 %","1.3 %","12.8 %","6.9 %","4.5 %","0.1 %","0.7 %","1.6 %","14.3 %","12.1 %","0.0 %","0.0 %","15.4 %","0.0 %","23.3 %","19.5 %","13.1 %","56.9 %","0.0 %","5.9 %","0.0 %","5.5 %","0.0 %","34.0 %","0.0 %","8.8 %","5.3 %","0.0 %","$0","$4,766","$1,784","$1,360","$5,868","$715","$710","$215","$1,269","$1,605,428","$2,169,045","$1,028,792","$96,235","32.8 %","44.3 %","21.0 %","2.0 %","$1,814,410","$2,389,075","$326,015","$370,000","37.0 %","48.8 %","6.7 %","7.6 %","$9,630,997","$7,929,255","$7,522,426","$4,200,687","32.9 %","27.1 %","25.7 %","14.3 %","$744,850","$0","$390,270","$0","$5,947","$0","$0","$67,175","$0","$125,000","$0","$0","$0","$0","$0","$156,458","$0","$0","0.0 %","52.4 %","0.0 %","0.8 %","0.0 %","0.0 %","9.0 %","0.0 %","16.8 %","0.0 %","0.0 %","0.0 %","0.0 %","0.0 %","21.0 %","0.0 %","0.0 %"
"2015","States","Florida","$71,260,112","$1,617,081","$4,821,027","$509,748","$18,055,508","$2,233,198","$1,700,856","$16,784,493","$77,990","$5,910","$7,848,268","$1,724,842","$411,927","$8,123,689","$409,839","$5,685,764","$1,249,972","$0","2.3 %","6.8 %","0.7 %","25.3 %","3.1 %","2.4 %","23.6 %","0.1 %","0.0 %","11.0 %","2.4 %","0.6 %","11.4 %","0.6 %","8.0 %","1.8 %","0.0 %","$491,790,822","$105,662,786","$80,355,424","$1,068,992","$43,569,287","$42,779,199","$20,108,935","$25,222,382","$132,361","$6,931,700","$16,127,588","$2,127,285","$468,481","$8,523,913","$612,422","$125,091,335","$1,364,786","$11,643,946","21.5 %","16.3 %","0.2 %","8.9 %","8.7 %","4.1 %","5.1 %","0.0 %","1.4 %","3.3 %","0.4 %","0.1 %","1.7 %","0.1 %","25.4 %","0.3 %","2.4 %","1.5 %","6.0 %","47.7 %","41.4 %","5.2 %","8.5 %","66.5 %","58.9 %","0.1 %","48.7 %","81.1 %","87.9 %","95.3 %","66.9 %","4.5 %","91.6 %","0.0 %","$4,809","$2,841","$409","$1,295","$8,069","$403","$769","$129","$703","$33,380,070","$17,555,064","$19,075,006","$1,249,972","46.8 %","24.6 %","26.8 %","1.8 %","$28,937,418","$16,868,393","$19,768,537","$5,685,764","40.6 %","23.7 %","27.7 %","8.0 %","$293,544,623","$32,286,443","$40,868,421","$125,091,335","59.7 %","6.6 %","8.3 %","25.4 %","$5,594,015","$277,657","$552,978","$13,236","$1,341,077","$171,768","$103,393","$1,474,708","$2,405","$28","$511,093","$47,180","$7,042","$243,156","$10,521","$798,460","$39,312","$0","5.0 %","9.9 %","0.2 %","24.0 %","3.1 %","1.8 %","26.4 %","0.0 %","0.0 %","9.1 %","0.8 %","0.1 %","4.3 %","0.2 %","14.3 %","0.7 %","0.0 %"
"2015","States","Georgia","$21,181,848","$426,408","$801,381","$0","$5,284,184","$178,696","$768,481","$8,651,484","$675","$0","$2,133,680","$746,906","$0","$288,814","$136,055","$1,313,283","$451,801","$0","2.0 %","3.8 %","0.0 %","24.9 %","0.8 %","3.6 %","40.8 %","0.0 %","0.0 %","10.1 %","3.5 %","0.0 %","1.4 %","0.6 %","6.2 %","2.1 %","0.0 %","$54,734,831","$882,477","$2,154,053","$0","$16,536,329","$2,258,167","$2,392,941","$14,907,902","$3,446","$0","$7,619,721","$1,057,045","$8,753","$2,844,893","$166,903","$3,021,728","$868,913","$11,560","1.6 %","3.9 %","0.0 %","30.2 %","4.1 %","4.4 %","27.2 %","0.0 %","0.0 %","13.9 %","1.9 %","0.0 %","5.2 %","0.3 %","5.5 %","1.6 %","0.0 %","48.3 %","37.2 %","0.0 %","32.0 %","7.9 %","32.1 %","58.0 %","19.6 %","0.0 %","28.0 %","70.7 %","0.0 %","10.2 %","81.5 %","43.5 %","52.0 %","0.0 %","$1,405","$745","$0","$1,247","$5,029","$514","$1,022","$13","$0","$6,603,346","$8,651,484","$5,284,184","$635,085","31.2 %","40.8 %","24.9 %","3.0 %","$7,459,150","$8,652,159","$3,757,256","$1,313,283","35.2 %","40.8 %","17.7 %","6.2 %","$24,223,968","$14,911,348","$12,577,787","$3,021,728","44.3 %","27.2 %","23.0 %","5.5 %","$968,878","$15,864","$24,082","$0","$170,621","$94,088","$0","$565,681","$0","$0","$46,833","$100","$0","$0","$0","$47,747","$3,860","$0","1.6 %","2.5 %","0.0 %","17.6 %","9.7 %","0.0 %","58.4 %","0.0 %","0.0 %","4.8 %","0.0 %","0.0 %","0.0 %","0.0 %","4.9 %","0.4 %","0.0 %"
"2015","States","Hawaii","$4,116,848","$16,964","$2,244","$75","$782,061","$0","$0","$784,910","$7,369","$0","$662,923","$324,452","$39,427","$348,169","$337,484","$718,323","$92,447","$0","0.4 %","0.1 %","0.0 %","19.0 %","0.0 %","0.0 %","19.1 %","0.2 %","0.0 %","16.1 %","7.9 %","1.0 %","8.5 %","8.2 %","17.4 %","2.2 %","0.0 %","$15,532,451","$2,257,945","$318,104","$9,765","$4,055,091","$406,140","$1,142,160","$1,538,609","$7,369","$79,579","$1,608,550","$381,074","$63,251","$878,396","$459,814","$1,569,832","$549,680","$207,092","14.5 %","2.0 %","0.1 %","26.1 %","2.6 %","7.4 %","9.9 %","0.0 %","0.5 %","10.4 %","2.5 %","0.4 %","5.7 %","3.0 %","10.1 %","3.5 %","1.3 %","0.8 %","0.7 %","0.8 %","19.3 %","0.0 %","0.0 %","51.0 %","100.0 %","0.0 %","41.2 %","85.1 %","62.3 %","39.6 %","73.4 %","45.8 %","16.8 %","0.0 %","$2,460","$582","$217","$1,554","$1,962","$1,013","$473","$7,369","$812","$1,829,859","$831,706","$782,061","$14,542","44.4 %","20.2 %","19.0 %","0.4 %","$801,344","$792,279","$1,804,902","$718,323","19.5 %","19.2 %","43.8 %","17.4 %","$8,189,205","$1,625,557","$4,147,857","$1,569,832","52.7 %","10.5 %","26.7 %","10.1 %","$927,709","$35,793","$4,791","$0","$445,692","$100","$0","$265,336","$0","$3,912","$108,600","$4,092","$0","$0","$0","$0","$59,393","$0","3.9 %","0.5 %","0.0 %","48.0 %","0.0 %","0.0 %","28.6 %","0.0 %","0.4 %","11.7 %","0.4 %","0.0 %","0.0 %","0.0 %","0.0 %","6.4 %","0.0 %"
"2015","States","Idaho","$3,575,246","$0","$75,158","$7,330","$956,606","$0","$7,330","$1,377,785","$0","$0","$204,832","$68,075","$0","$806,135","$2,594","$0","$69,400","$0","0.0 %","2.1 %","0.2 %","26.8 %","0.0 %","0.2 %","38.5 %","0.0 %","0.0 %","5.7 %","1.9 %","0.0 %","22.5 %","0.1 %","0.0 %","1.9 %","0.0 %","$8,860,808","$0","$767,198","$37,597","$2,947,439","$640","$37,597","$3,638,937","$0","$0","$485,194","$68,075","$1","$806,135","$2,594","$2","$69,400","$0","0.0 %","8.7 %","0.4 %","33.3 %","0.0 %","0.4 %","41.1 %","0.0 %","0.0 %","5.5 %","0.8 %","0.0 %","9.1 %","0.0 %","0.0 %","0.8 %","0.0 %","0.0 %","9.8 %","19.5 %","32.5 %","0.0 %","19.5 %","37.9 %","0.0 %","0.0 %","42.2 %","100.0 %","0.0 %","100.0 %","100.0 %","0.0 %","100.0 %","0.0 %","$0","$612","$800","$767","$640","$3,418","$266","$0","$0","$1,174,367","$1,377,785","$956,606","$66,488","32.8 %","38.5 %","26.8 %","1.9 %","$1,046,425","$1,377,785","$1,151,036","$0","29.3 %","38.5 %","32.2 %","0.0 %","$3,790,471","$3,638,937","$1,431,398","$2","42.8 %","41.1 %","16.2 %","0.0 %","$3,027,012","$0","$45,334","$0","$948,498","$0","$0","$1,938,053","$0","$0","$95,127","$0","$0","$0","$0","$0","$0","$0","0.0 %","1.5 %","0.0 %","31.3 %","0.0 %","0.0 %","64.0 %","0.0 %","0.0 %","3.1 %","0.0 %","0.0 %","0.0 %","0.0 %","0.0 %","0.0 %","0.0 %"
"2015","States","Illinois","$30,852,235","$0","$0","$439,648","$7,926,332","$0","$0","$10,850,580","$0","$116,865","$1,428,901","$1,301,353","$4,800","$5,662,444","$444,653","$1,919,022","$757,637","$0","0.0 %","0.0 %","1.4 %","25.7 %","0.0 %","0.0 %","35.2 %","0.0 %","0.4 %","4.6 %","4.2 %","0.0 %","18.4 %","1.4 %","6.2 %","2.5 %","0.0 %","$86,145,448","$0","$0","$1,119,870","$36,699,446","$0","$0","$23,088,780","$0","$720,195","$4,353,305","$2,198,395","$4,800","$11,591,738","$1,154,268","$4,192,301","$1,022,350","$0","0.0 %","0.0 %","1.3 %","42.6 %","0.0 %","0.0 %","26.8 %","0.0 %","0.8 %","5.1 %","2.6 %","0.0 %","13.5 %","1.3 %","4.9 %","1.2 %","0.0 %","0.0 %","0.0 %","39.3 %","21.6 %","0.0 %","0.0 %","47.0 %","0.0 %","16.2 %","32.8 %","59.2 %","100.0 %","48.8 %","38.5 %","45.8 %","74.1 %","0.0 %","$0","$0","$738","$1,100","$0","$0","$278","$0","$1,160","$11,383,084","$10,857,780","$7,926,332","$685,039","36.9 %","35.2 %","25.7 %","2.2 %","$8,365,980","$10,967,445","$9,599,788","$1,919,022","27.1 %","35.5 %","31.1 %","6.2 %","$37,819,316","$23,808,975","$20,324,856","$4,192,301","43.9 %","27.6 %","23.6 %","4.9 %","$9,034,309","$0","$0","$97,899","$4,059,716","$0","$0","$4,091,206","$0","$26,895","$489,019","$28,001","$0","$60,473","$2,846","$160,996","$17,258","$0","0.0 %","0.0 %","1.1 %","44.9 %","0.0 %","0.0 %","45.3 %","0.0 %","0.3 %","5.4 %","0.3 %","0.0 %","0.7 %","0.0 %","1.8 %","0.2 %","0.0 %"
"2015","States","Indiana","$15,603,684","$555,010","$530,054","$78,045","$3,542,210","$26,683","$448,668","$5,901,964","$0","$48,127","$2,141,635","$213,194","$2,789","$1,242,655","$281,533","$276,186","$314,931","$0","3.6 %","3.4 %","0.5 %","22.7 %","0.2 %","2.9 %","37.8 %","0.0 %","0.3 %","13.7 %","1.4 %","0.0 %","8.0 %","1.8 %","1.8 %","2.0 %","0.0 %","$53,695,593","$8,718,592","$3,500,359","$224,525","$8,733,876","$801,995","$9,510,356","$9,871,363","$0","$150,143","$5,955,847","$412,810","$5,814","$3,292,994","$390,885","$1,711,651","$414,383","$0","16.2 %","6.5 %","0.4 %","16.3 %","1.5 %","17.7 %","18.4 %","0.0 %","0.3 %","11.1 %","0.8 %","0.0 %","6.1 %","0.7 %","3.2 %","0.8 %","0.0 %","6.4 %","15.1 %","34.8 %","40.6 %","3.3 %","4.7 %","59.8 %","0.0 %","32.1 %","36.0 %","51.6 %","48.0 %","37.7 %","72.0 %","16.1 %","76.0 %","0.0 %","$2,909","$1,472","$670","$1,015","$7,291","$132","$587","$0","$636","$5,841,790","$5,903,164","$3,543,799","$314,931","37.4 %","37.8 %","22.7 %","2.0 %","$5,180,670","$5,950,091","$4,196,737","$276,186","33.2 %","38.1 %","26.9 %","1.8 %","$31,489,703","$10,021,506","$10,472,733","$1,711,651","58.6 %","18.7 %","19.5 %","3.2 %","$2,522,029","$36,890","$951","$1,098","$1,030,362","$0","$0","$717,357","$0","$1,657","$710,528","$3,967","$0","$10,728","$300","$7,122","$1,069","$0","1.5 %","0.0 %","0.0 %","40.9 %","0.0 %","0.0 %","28.4 %","0.0 %","0.1 %","28.2 %","0.2 %","0.0 %","0.4 %","0.0 %","0.3 %","0.0 %","0.0 %"
"2015","States","Iowa","$10,701,749","$74,426","$655,775","$182,970","$2,549,813","$168,577","$401,285","$4,148,925","$6,624","$292,433","$533,273","$312,881","$83,258","$421,597","$83,502","$717,310","$69,100","$0","0.7 %","6.1 %","1.7 %","23.8 %","1.6 %","3.7 %","38.8 %","0.1 %","2.7 %","5.0 %","2.9 %","0.8 %","3.9 %","0.8 %","6.7 %","0.6 %","0.0 %","$34,283,005","$325,559","$1,365,526","$666,659","$9,857,751","$1,136,339","$1,327,197","$11,019,955","$10,498","$971,144","$1,825,121","$463,173","$131,291","$1,675,720","$162,420","$2,500,312","$844,340","$0","0.9 %","4.0 %","1.9 %","28.8 %","3.3 %","3.9 %","32.1 %","0.0 %","2.8 %","5.3 %","1.4 %","0.4 %","4.9 %","0.5 %","7.3 %","2.5 %","0.0 %","22.9 %","48.0 %","27.4 %","25.9 %","14.8 %","30.2 %","37.6 %","63.1 %","30.1 %","29.2 %","67.6 %","63.4 %","25.2 %","51.4 %","28.7 %","8.2 %","0.0 %","$996","$1,025","$934","$834","$3,275","$162","$437","$41","$676","$3,778,342","$4,182,153","$2,563,654","$177,600","35.3 %","39.1 %","24.0 %","1.7 %","$4,032,846","$4,447,982","$1,503,611","$717,310","37.7 %","41.6 %","14.1 %","6.7 %","$14,679,031","$12,001,597","$5,102,065","$2,500,312","42.8 %","35.0 %","14.9 %","7.3 %","$4,409,936","$405","$1,303","$50","$1,798,133","$37,790","$0","$2,392,378","$0","$43,147","$132,236","$1,445","$0","$0","$0","$2,173","$876","$0","0.0 %","0.0 %","0.0 %","40.8 %","0.9 %","0.0 %","54.2 %","0.0 %","1.0 %","3.0 %","0.0 %","0.0 %","0.0 %","0.0 %","0.0 %","0.0 %","0.0 %"
"2015","States","Kansas","$8,000,271","$259,385","$662,561","$0","$1,974,663","$0","$135,771","$2,796,247","$0","$0","$78,192","$246,423","$77,604","$718,165","$20,225","$859,066","$171,969","$0","3.2 %","8.3 %","0.0 %","24.7 %","0.0 %","1.7 %","35.0 %","0.0 %","0.0 %","1.0 %","3.1 %","1.0 %","9.0 %","0.3 %","10.7 %","2.1 %","0.0 %","$22,698,229","$283,644","$721,039","$0","$10,398,553","$0","$144,271","$8,542,853","$0","$0","$104,424","$290,689","$82,622","$860,357","$24,188","$1,049,863","$195,726","$0","1.2 %","3.2 %","0.0 %","45.8 %","0.0 %","0.6 %","37.6 %","0.0 %","0.0 %","0.5 %","1.3 %","0.4 %","3.8 %","0.1 %","4.6 %","0.9 %","0.0 %","91.4 %","91.9 %","0.0 %","19.0 %","0.0 %","94.1 %","32.7 %","0.0 %","0.0 %","74.9 %","84.8 %","93.9 %","83.5 %","83.6 %","81.8 %","87.9 %","0.0 %","$762","$920","$0","$911","$0","$185","$361","$0","$0","$2,962,138","$2,843,366","$2,005,148","$189,619","37.0 %","35.5 %","25.1 %","2.4 %","$3,032,380","$2,796,247","$1,312,578","$859,066","37.9 %","35.0 %","16.4 %","10.7 %","$11,547,507","$8,542,853","$1,558,006","$1,049,863","50.9 %","37.6 %","6.9 %","4.6 %","$5,002,360","$5,380","$1,944","$0","$2,011,319","$0","$0","$2,872,063","$0","$0","$13,988","$7,830","$0","$359","$0","$68,135","$21,342","$0","0.1 %","0.0 %","0.0 %","40.2 %","0.0 %","0.0 %","57.4 %","0.0 %","0.0 %","0.3 %","0.2 %","0.0 %","0.0 %","0.0 %","1.4 %","0.4 %","0.0 %"
"2015","States","Kentucky","$17,433,710","$57,589","$412,931","$21,309","$5,862,729","$0","$352,884","$4,893,715","$118","$174,168","$1,790,555","$228,928","$28,262","$1,015,688","$306,947","$1,713,236","$574,651","$0","0.3 %","2.4 %","0.1 %","33.6 %","0.0 %","2.0 %","28.1 %","0.0 %","1.0 %","10.3 %","1.3 %","0.2 %","5.8 %","1.8 %","9.8 %","3.3 %","0.0 %","$26,620,983","$122,955","$615,437","$41,813","$10,247,231","$0","$459,440","$6,596,657","$119","$219,376","$2,483,335","$306,178","$66,742","$1,443,340","$573,049","$2,701,763","$743,548","$0","0.5 %","2.3 %","0.2 %","38.5 %","0.0 %","1.7 %","24.8 %","0.0 %","0.8 %","9.3 %","1.2 %","0.3 %","5.4 %","2.2 %","10.1 %","2.8 %","0.0 %","46.8 %","67.1 %","51.0 %","57.2 %","0.0 %","76.8 %","74.2 %","99.2 %","79.4 %","72.1 %","74.8 %","42.3 %","70.4 %","53.6 %","63.4 %","77.3 %","0.0 %","$891","$856","$36","$1,203","$0","$180","$438","$1","$276","$6,351,657","$4,435,404","$5,367,112","$271,669","36.4 %","25.4 %","30.8 %","1.6 %","$6,707,442","$5,068,001","$3,945,031","$1,713,236","38.5 %","29.1 %","22.6 %","9.8 %","$11,486,876","$6,816,152","$5,616,192","$2,701,763","43.1 %","25.6 %","21.1 %","10.1 %","$926,967","$289","$7,294","$453","$362,347","$0","$0","$450,062","$0","$2,091","$58,765","$1,778","$2","$19,216","$8,010","$10,853","$5,807","$0","0.0 %","0.8 %","0.0 %","39.1 %","0.0 %","0.0 %","48.6 %","0.0 %","0.2 %","6.3 %","0.2 %","0.0 %","2.1 %","0.9 %","1.2 %","0.6 %","0.0 %"
"2015","States","Louisiana","$11,037,011","$97,137","$782,378","$28,490","$2,947,273","$0","$0","$3,839,483","$2,362","$4,029","$1,974,814","$243,604","$43,997","$369,537","$87,309","$347,423","$269,175","$0","0.9 %","7.1 %","0.3 %","26.7 %","0.0 %","0.0 %","34.8 %","0.0 %","0.0 %","17.9 %","2.2 %","0.4 %","3.3 %","0.8 %","3.1 %","2.4 %","0.0 %","$50,732,997","$472,157","$3,802,943","$138,485","$21,520,421","$0","$0","$9,547,673","$8,758","$19,586","$9,599,078","$243,604","$140,078","$1,796,228","$420,575","$2,636,007","$387,404","$0","0.9 %","7.5 %","0.3 %","42.4 %","0.0 %","0.0 %","18.8 %","0.0 %","0.0 %","18.9 %","0.5 %","0.3 %","3.5 %","0.8 %","5.2 %","0.8 %","0.0 %","20.6 %","20.6 %","20.6 %","13.7 %","0.0 %","0.0 %","40.2 %","27.0 %","20.6 %","20.6 %","100.0 %","31.4 %","20.6 %","20.8 %","13.2 %","69.5 %","0.0 %","$749","$691","$194","$1,081","$0","$0","$536","$24","$162","$3,930,449","$3,881,536","$2,955,374","$269,250","35.6 %","35.2 %","26.8 %","2.4 %","$3,855,278","$3,845,874","$2,988,436","$347,423","34.9 %","34.8 %","27.1 %","3.1 %","$25,934,006","$9,576,017","$12,586,967","$2,636,007","51.1 %","18.9 %","24.8 %","5.2 %","$2,399,037","$1,982","$117,259","$248","$1,065,943","$0","$0","$909,187","$259","$0","$263,832","$0","$0","$0","$0","$40,077","$250","$0","0.1 %","4.9 %","0.0 %","44.4 %","0.0 %","0.0 %","37.9 %","0.0 %","0.0 %","11.0 %","0.0 %","0.0 %","0.0 %","0.0 %","1.7 %","0.0 %","0.0 %"
"2015","States","Maine","$4,541,734","$0","$0","$0","$1,556,545","$1,503","$0","$1,233,776","$51,040","$0","$698","$139,798","$38,756","$970,111","$216,100","$169,597","$163,810","$0","0.0 %","0.0 %","0.0 %","34.3 %","0.0 %","0.0 %","27.2 %","1.1 %","0.0 %","0.0 %","3.1 %","0.9 %","21.4 %","4.8 %","3.7 %","3.6 %","0.0 %","$10,848,256","$5,181","$34,541","$0","$4,292,998","$939,633","$33,720","$1,899,500","$51,040","$0","$49,871","$142,833","$38,756","$1,850,332","$390,974","$582,962","$535,915","$0","0.0 %","0.3 %","0.0 %","39.6 %","8.7 %","0.3 %","17.5 %","0.5 %","0.0 %","0.5 %","1.3 %","0.4 %","17.1 %","3.6 %","5.4 %","4.9 %","0.0 %","0.0 %","0.0 %","0.0 %","36.3 %","0.2 %","0.0 %","65.0 %","100.0 %","0.0 %","1.4 %","97.9 %","100.0 %","52.4 %","55.3 %","29.1 %","30.6 %","0.0 %","$864","$523","$0","$961","$6,306","$503","$145","$51","$0","$1,562,754","$1,272,898","$1,607,219","$98,863","34.4 %","28.0 %","35.4 %","2.2 %","$1,558,048","$1,284,816","$1,529,273","$169,597","34.3 %","28.3 %","33.7 %","3.7 %","$5,306,073","$1,950,540","$3,008,681","$582,962","48.9 %","18.0 %","27.7 %","5.4 %","$1,610,314","$0","$0","$0","$806,879","$0","$0","$495,403","$0","$0","$8,180","$28,194","$0","$58,228","$86,148","$126,687","$595","$0","0.0 %","0.0 %","0.0 %","50.1 %","0.0 %","0.0 %","30.8 %","0.0 %","0.0 %","0.5 %","1.8 %","0.0 %","3.6 %","5.3 %","7.9 %","0.0 %","0.0 %"
"2015","States","Maryland","$15,087,804","$169,321","$247,082","$12,486","$3,943,226","$42,044","$371,024","$6,178,971","$35,488","$176,744","$109,644","$418,268","$108,257","$1,899,749","$322,585","$664,923","$387,992","$0","1.1 %","1.6 %","0.1 %","26.1 %","0.3 %","2.5 %","41.0 %","0.2 %","1.2 %","0.7 %","2.8 %","0.7 %","12.6 %","2.1 %","4.4 %","2.6 %","0.0 %","$24,664,783","$334,582","$271,461","$67,383","$6,463,739","$192,470","$598,328","$8,563,665","$35,888","$290,005","$495,305","$426,874","$148,416","$2,788,925","$379,255","$2,977,942","$630,545","$0","1.4 %","1.1 %","0.3 %","26.2 %","0.8 %","2.4 %","34.7 %","0.1 %","1.2 %","2.0 %","1.7 %","0.6 %","11.3 %","1.5 %","12.1 %","2.6 %","0.0 %","50.6 %","91.0 %","18.5 %","61.0 %","21.8 %","62.0 %","72.2 %","98.9 %","60.9 %","22.1 %","98.0 %","72.9 %","68.1 %","85.1 %","22.3 %","61.5 %","0.0 %","$1,302","$1,551","$749","$921","$2,291","$320","$284","$126","$1,039","$4,582,987","$6,217,912","$3,931,932","$332,647","30.4 %","41.2 %","26.1 %","2.2 %","$4,785,183","$6,391,203","$3,246,495","$664,923","31.7 %","42.4 %","21.5 %","4.4 %","$7,927,963","$8,889,558","$4,869,320","$2,977,942","32.1 %","36.0 %","19.7 %","12.1 %","$1,970,736","$885","$1,084","$1","$590,187","$0","$1","$1,219,036","$0","$2,400","$55,536","$3","$3","$7,084","$2","$38,133","$56,381","$0","0.0 %","0.1 %","0.0 %","29.9 %","0.0 %","0.0 %","61.9 %","0.0 %","0.1 %","2.8 %","0.0 %","0.0 %","0.4 %","0.0 %","1.9 %","2.9 %","0.0 %"
"2015","States","Massachusetts","$20,616,855","$1,416","$2,115","$15,267","$6,549,976","$8,690","$31,346","$6,979,287","$28,036","$71,712","$541,528","$1,205,309","$53,512","$2,161,724","$1,052,291","$1,444,094","$470,552","$0","0.0 %","0.0 %","0.1 %","31.8 %","0.0 %","0.2 %","33.9 %","0.1 %","0.3 %","2.6 %","5.8 %","0.3 %","10.5 %","5.1 %","7.0 %","2.3 %","0.0 %","$367,990,340","$82,142,502","$149,671,915","$2,538,355","$53,099,909","$4,546,448","$5,211,390","$13,225,740","$133,512","$263,383","$5,021,083","$2,392,477","$69,421","$5,157,303","$1,843,773","$41,385,704","$1,287,425","$0","22.3 %","40.7 %","0.7 %","14.4 %","1.2 %","1.4 %","3.6 %","0.0 %","0.1 %","1.4 %","0.7 %","0.0 %","1.4 %","0.5 %","11.2 %","0.3 %","0.0 %","0.0 %","0.0 %","0.6 %","12.3 %","0.2 %","0.6 %","52.8 %","21.0 %","27.2 %","10.8 %","50.4 %","77.1 %","41.9 %","57.1 %","3.5 %","36.5 %","0.0 %","$4,242","$3,321","$810","$1,110","$2,789","$1,071","$464","$126","$697","$6,636,252","$6,558,423","$4,742,150","$376,265","32.2 %","31.8 %","23.0 %","1.8 %","$6,608,810","$7,079,035","$5,484,916","$1,444,094","32.1 %","34.3 %","26.6 %","7.0 %","$297,210,519","$13,622,635","$15,771,482","$41,385,704","80.8 %","3.7 %","4.3 %","11.2 %","$4,442,514","$241","$0","$0","$3,133,866","$0","$0","$1,034,636","$0","$205","$95,775","$1,630","$0","$331","$48,519","$116,314","$10,997","$0","0.0 %","0.0 %","0.0 %","70.5 %","0.0 %","0.0 %","23.3 %","0.0 %","0.0 %","2.2 %","0.0 %","0.0 %","0.0 %","1.1 %","2.6 %","0.2 %","0.0 %"
"2015","States","Michigan","$25,578,406","$631,825","$947,697","$572,436","$10,144,487","$0","$1,500,948","$6,891,911","$85","$89,644","$494,998","$702,539","$0","$989,223","$866,015","$1,104,157","$642,441","$0","2.5 %","3.7 %","2.2 %","39.7 %","0.0 %","5.9 %","26.9 %","0.0 %","0.4 %","1.9 %","2.7 %","0.0 %","3.9 %","3.4 %","4.3 %","2.5 %","0.0 %","$82,387,420","$6,146,473","$5,944,238","$826,100","$36,226,044","$0","$9,745,495","$14,566,788","$729","$246,303","$1,360,033","$948,681","$0","$1,691,885","$1,456,357","$2,325,957","$902,337","$0","7.5 %","7.2 %","1.0 %","44.0 %","0.0 %","11.8 %","17.7 %","0.0 %","0.3 %","1.7 %","1.2 %","0.0 %","2.1 %","1.8 %","2.8 %","1.1 %","0.0 %","10.3 %","15.9 %","69.3 %","28.0 %","0.0 %","15.4 %","47.3 %","11.7 %","36.4 %","36.4 %","74.1 %","0.0 %","58.5 %","59.5 %","47.5 %","71.2 %","0.0 %","$1,222","$596","$207","$641","$0","$647","$255","$243","$141","$7,884,891","$6,891,996","$10,144,487","$657,032","30.8 %","26.9 %","39.7 %","2.6 %","$13,797,393","$6,981,640","$3,695,216","$1,104,157","53.9 %","27.3 %","14.4 %","4.3 %","$58,888,350","$14,813,820","$6,359,293","$2,325,957","71.5 %","18.0 %","7.7 %","2.8 %","$10,724,188","$294,411","$314,665","$119,901","$5,908,563","$0","$193,485","$3,543,322","$0","$15,489","$85,529","$17,093","$0","$3,995","$10,773","$81,892","$135,070","$0","2.7 %","2.9 %","1.1 %","55.1 %","0.0 %","1.8 %","33.0 %","0.0 %","0.1 %","0.8 %","0.2 %","0.0 %","0.0 %","0.1 %","0.8 %","1.3 %","0.0 %"
"2015","States","Minnesota","$11,896,701","$0","$168,915","$408,611","$2,984,550","$0","$0","$4,962,913","$0","$707,869","$130,188","$674,893","$0","$1,088,111","$0","$375,363","$352,525","$42,763","0.0 %","1.4 %","3.4 %","25.1 %","0.0 %","0.0 %","41.7 %","0.0 %","6.0 %","1.1 %","5.7 %","0.0 %","9.1 %","0.0 %","3.2 %","3.0 %","0.4 %","$33,190,671","$0","$454,689","$1,213,782","$11,414,211","$0","$0","$13,188,066","$0","$1,654,671","$773,992","$983,146","$0","$2,444,107","$0","$571,308","$422,499","$70,200","0.0 %","1.4 %","3.7 %","34.4 %","0.0 %","0.0 %","39.7 %","0.0 %","5.0 %","2.3 %","3.0 %","0.0 %","7.4 %","0.0 %","1.7 %","1.3 %","0.2 %","0.0 %","37.1 %","33.7 %","26.1 %","0.0 %","0.0 %","37.6 %","0.0 %","42.8 %","16.8 %","68.6 %","0.0 %","44.5 %","0.0 %","65.7 %","83.4 %","60.9 %","$0","$371","$403","$1,143","$0","$0","$350","$0","$587","$3,506,147","$4,969,461","$2,994,422","$426,671","29.5 %","41.8 %","25.2 %","3.6 %","$3,562,076","$5,670,782","$2,288,480","$375,363","29.9 %","47.7 %","19.2 %","3.2 %","$13,082,682","$14,842,737","$4,693,944","$571,308","39.4 %","44.7 %","14.1 %","1.7 %","$6,534,012","$0","$98,331","$279,561","$2,311,335","$0","$0","$3,528,252","$0","$175,315","$98,952","$3,597","$0","$0","$0","$0","$15,315","$23,354","0.0 %","1.5 %","4.3 %","35.4 %","0.0 %","0.0 %","54.0 %","0.0 %","2.7 %","1.5 %","0.1 %","0.0 %","0.0 %","0.0 %","0.0 %","0.2 %","0.4 %"
"2015","States","Mississippi","$8,755,010","$0","$428,217","$0","$2,945,150","$376,034","$192,990","$1,976,713","$0","$0","$626,132","$146,974","$0","$258,394","$670,189","$986,949","$147,268","$0","0.0 %","4.9 %","0.0 %","33.6 %","4.3 %","2.2 %","22.6 %","0.0 %","0.0 %","7.2 %","1.7 %","0.0 %","3.0 %","7.7 %","11.3 %","1.7 %","0.0 %","$17,003,254","$0","$2,565,666","$0","$5,999,102","$661,535","$480,938","$2,232,695","$0","$0","$2,004,461","$155,269","$1","$524,202","$786,146","$1,436,685","$156,554","$0","0.0 %","15.1 %","0.0 %","35.3 %","3.9 %","2.8 %","13.1 %","0.0 %","0.0 %","11.8 %","0.9 %","0.0 %","3.1 %","4.6 %","8.4 %","0.9 %","0.0 %","0.0 %","16.7 %","0.0 %","49.1 %","56.8 %","40.1 %","88.5 %","0.0 %","0.0 %","31.2 %","94.7 %","0.0 %","49.3 %","85.2 %","68.7 %","94.1 %","0.0 %","$0","$962","$0","$634","$2,459","$1,046","$485","$0","$0","$3,567,371","$1,693,990","$2,945,150","$147,268","40.7 %","19.3 %","33.6 %","1.7 %","$3,942,391","$1,976,713","$1,848,957","$986,949","45.0 %","22.6 %","21.1 %","11.3 %","$9,707,241","$2,232,695","$3,626,633","$1,436,685","57.1 %","13.1 %","21.3 %","8.4 %","$106,567","$0","$970","$0","$18,688","$1,030","$0","$58,160","$0","$0","$26,524","$0","$0","$0","$0","$1,195","$0","$0","0.0 %","0.9 %","0.0 %","17.5 %","1.0 %","0.0 %","54.6 %","0.0 %","0.0 %","24.9 %","0.0 %","0.0 %","0.0 %","0.0 %","1.1 %","0.0 %","0.0 %"
"2015","States","Missouri","$20,181,142","$190,390","$888,724","$0","$8,157,355","$82,702","$1,010,717","$5,584,853","$0","$8,528","$1,688,686","$201,848","$0","$1,052,089","$0","$892,880","$422,370","$0","0.9 %","4.4 %","0.0 %","40.4 %","0.4 %","5.0 %","27.7 %","0.0 %","0.0 %","8.4 %","1.0 %","0.0 %","5.2 %","0.0 %","4.4 %","2.1 %","0.0 %","$56,444,699","$416,280","$1,969,542","$0","$31,724,692","$116,352","$1,792,008","$13,723,917","$8,660","$27,280","$2,776,058","$324,337","$0","$1,535,855","$0","$1,434,683","$595,035","$0","0.7 %","3.5 %","0.0 %","56.2 %","0.2 %","3.2 %","24.3 %","0.0 %","0.0 %","4.9 %","0.6 %","0.0 %","2.7 %","0.0 %","2.5 %","1.1 %","0.0 %","45.7 %","45.1 %","0.0 %","25.7 %","71.1 %","56.4 %","40.7 %","0.0 %","31.3 %","60.8 %","62.2 %","0.0 %","68.5 %","0.0 %","62.2 %","71.0 %","0.0 %","$1,025","$1,373","$0","$944","$1,175","$132","$209","$173","$145","$6,027,811","$3,606,548","$6,100,328","$411,123","29.9 %","17.9 %","30.2 %","2.0 %","$10,329,888","$5,593,381","$3,364,993","$892,880","51.2 %","27.7 %","16.7 %","4.4 %","$36,018,874","$13,759,857","$5,231,285","$1,434,683","63.8 %","24.4 %","9.3 %","2.5 %","$8,164,270","$2,625","$54,067","$0","$2,370,666","$17,940","$2,091","$5,382,118","$0","$2,863","$264,154","$1,908","$0","$1,951","$0","$20,911","$42,976","$0","0.0 %","0.7 %","0.0 %","29.0 %","0.2 %","0.0 %","65.9 %","0.0 %","0.0 %","3.2 %","0.0 %","0.0 %","0.0 %","0.0 %","0.3 %","0.5 %","0.0 %"
"2015","States","Montana","$3,396,922","$10,165","$105,415","$1,591","$801,802","$0","$0","$1,624,432","$25","$6,603","$105,953","$72,852","$1,000","$157,802","$41,103","$411,999","$56,179","$0","0.3 %","3.1 %","0.0 %","23.6 %","0.0 %","0.0 %","47.8 %","0.0 %","0.2 %","3.1 %","2.1 %","0.0 %","4.6 %","1.2 %","12.1 %","1.7 %","0.0 %","$21,950,678","$231,678","$896,922","$3,898","$4,806,003","$0","$1,800,774","$6,981,987","$25","$44,775","$2,869,769","$284,479","$1,401","$1,322,273","$243,554","$2,301,192","$161,948","$0","1.1 %","4.1 %","0.0 %","21.9 %","0.0 %","8.2 %","31.8 %","0.0 %","0.2 %","13.1 %","1.3 %","0.0 %","6.0 %","1.1 %","10.5 %","0.7 %","0.0 %","4.4 %","11.8 %","40.8 %","16.7 %","0.0 %","0.0 %","23.3 %","100.0 %","14.7 %","3.7 %","25.6 %","71.4 %","11.9 %","16.9 %","17.9 %","34.7 %","0.0 %","$649","$683","$81","$733","$0","$14,640","$354","$25","$241","$900,568","$1,625,432","$801,802","$69,120","26.5 %","47.9 %","23.6 %","2.0 %","$918,973","$1,631,061","$434,889","$411,999","27.1 %","48.0 %","12.8 %","12.1 %","$7,739,275","$7,026,787","$4,883,424","$2,301,192","35.3 %","32.0 %","22.2 %","10.5 %","$3,976,603","$23,307","$129,532","$154","$1,343,673","$0","$61,841","$2,206,697","$0","$3,825","$0","$305","$0","$8,037","$0","$141,493","$57,740","$0","0.6 %","3.3 %","0.0 %","33.8 %","0.0 %","1.6 %","55.5 %","0.0 %","0.1 %","0.0 %","0.0 %","0.0 %","0.2 %","0.0 %","3.6 %","1.5 %","0.0 %"
"2015","States","Nebraska","$6,584,758","$87,683","$438,832","$348,246","$1,242,989","$0","$84,511","$2,946,574","$69,175","$14,781","$40,908","$109,975","$40,229","$421,223","$73,927","$425,044","$131,319","$109,342","1.3 %","6.7 %","5.3 %","18.9 %","0.0 %","1.3 %","44.7 %","1.1 %","0.2 %","0.6 %","1.7 %","0.6 %","6.4 %","1.1 %","6.5 %","2.0 %","1.7 %","$27,897,422","$259,561","$1,097,962","$645,975","$6,059,428","$0","$1,915,103","$10,053,976","$88,697","$335,536","$1,413,997","$365,366","$235,732","$1,474,945","$486,904","$2,538,868","$641,855","$283,517","0.9 %","3.9 %","2.3 %","21.7 %","0.0 %","6.9 %","36.0 %","0.3 %","1.2 %","5.1 %","1.3 %","0.8 %","5.3 %","1.7 %","9.1 %","2.3 %","1.0 %","33.8 %","40.0 %","53.9 %","20.5 %","0.0 %","4.4 %","29.3 %","78.0 %","4.4 %","2.9 %","30.1 %","17.1 %","28.6 %","15.2 %","16.7 %","20.5 %","38.6 %","$1,006","$689","$553","$823","$0","$349","$532","$84","$602","$2,154,740","$3,047,337","$1,251,362","$131,319","32.7 %","46.3 %","19.0 %","2.0 %","$2,202,261","$3,030,530","$926,923","$425,044","33.4 %","46.0 %","14.1 %","6.5 %","$9,978,029","$10,478,209","$4,902,316","$2,538,868","35.8 %","37.6 %","17.6 %","9.1 %","$5,993,632","$20,179","$195,366","$83,889","$1,965,268","$0","$29,006","$3,294,430","$0","$10,500","$231,623","$3,119","$5,280","$958","$4,148","$106,317","$41,429","$2,120","0.3 %","3.3 %","1.4 %","32.8 %","0.0 %","0.5 %","55.0 %","0.0 %","0.2 %","3.9 %","0.1 %","0.1 %","0.0 %","0.1 %","1.8 %","0.7 %","0.0 %"
"2015","States","Nevada","$6,418,038","$0","$344,070","$0","$3,027,372","$511,315","$86,961","$1,184,485","$0","$0","$113,850","$366,493","$0","$0","$0","$726,814","$56,679","$0","0.0 %","5.4 %","0.0 %","47.2 %","8.0 %","1.4 %","18.5 %","0.0 %","0.0 %","1.8 %","5.7 %","0.0 %","0.0 %","0.0 %","11.3 %","0.9 %","0.0 %","$11,495,318","$0","$606,889","$0","$3,193,247","$584,437","$483,336","$1,420,607","$0","$0","$1,246,465","$437,688","$0","$0","$0","$3,465,970","$56,679","$0","0.0 %","5.3 %","0.0 %","27.8 %","5.1 %","4.2 %","12.4 %","0.0 %","0.0 %","10.8 %","3.8 %","0.0 %","0.0 %","0.0 %","30.2 %","0.5 %","0.0 %","0.0 %","56.7 %","0.0 %","94.8 %","87.5 %","18.0 %","83.4 %","0.0 %","0.0 %","9.1 %","83.7 %","0.0 %","0.0 %","0.0 %","21.0 %","100.0 %","0.0 %","$0","$579","$0","$434","$4,235","$152","$83","$0","$0","$2,078,111","$1,184,485","$3,027,372","$128,070","32.4 %","18.5 %","47.2 %","2.0 %","$3,969,717","$1,184,485","$537,022","$726,814","61.9 %","18.5 %","8.4 %","11.3 %","$4,867,908","$1,420,607","$1,740,832","$3,465,970","42.3 %","12.4 %","15.1 %","30.2 %","$1,383,452","$0","$23,333","$0","$424,876","$21,522","$140","$804,077","$0","$0","$109,504","$0","$0","$0","$0","$0","$0","$0","0.0 %","1.7 %","0.0 %","30.7 %","1.6 %","0.0 %","58.1 %","0.0 %","0.0 %","7.9 %","0.0 %","0.0 %","0.0 %","0.0 %","0.0 %","0.0 %","0.0 %"
"2015","States","New Hampshire","$4,820,311","$97,106","$209,314","$0","$2,130,592","$106,785","$0","$1,228,911","$175,357","$0","$693,766","$76,129","$0","$0","$0","$10,955","$91,396","$0","2.0 %","4.3 %","0.0 %","44.2 %","2.2 %","0.0 %","25.5 %","3.6 %","0.0 %","14.4 %","1.6 %","0.0 %","0.0 %","0.0 %","0.2 %","1.9 %","0.0 %","$35,561,116","$1,675,424","$8,537,455","$0","$11,615,644","$3,065,899","$735,384","$3,483,555","$175,357","$0","$2,658,043","$234,800","$0","$2,250,670","$562,668","$474,821","$91,396","$0","4.7 %","24.0 %","0.0 %","32.7 %","8.6 %","2.1 %","9.8 %","0.5 %","0.0 %","7.5 %","0.7 %","0.0 %","6.3 %","1.6 %","1.3 %","0.3 %","0.0 %","5.8 %","2.5 %","0.0 %","18.3 %","3.5 %","0.0 %","35.3 %","100.0 %","0.0 %","26.1 %","32.4 %","0.0 %","0.0 %","0.0 %","2.3 %","100.0 %","0.0 %","$2,626","$2,321","$0","$931","$6,194","$641","$191","$15","$0","$1,369,412","$1,228,911","$2,130,592","$91,396","28.4 %","25.5 %","44.2 %","1.9 %","$2,543,797","$1,404,268","$861,291","$10,955","52.8 %","29.1 %","17.9 %","0.2 %","$25,629,806","$3,658,912","$5,797,577","$474,821","72.1 %","10.3 %","16.3 %","1.3 %","$1,393,300","$15,073","$0","$0","$728,191","$20,260","$0","$491,653","$0","$0","$108,765","$29,358","$0","$0","$0","$0","$0","$0","1.1 %","0.0 %","0.0 %","52.3 %","1.5 %","0.0 %","35.3 %","0.0 %","0.0 %","7.8 %","2.1 %","0.0 %","0.0 %","0.0 %","0.0 %","0.0 %","0.0 %"
"2015","States","New Jersey","$28,973,313","$38,302","$667,319","$285,263","$9,583,264","$187,285","$569,586","$9,809,305","$45,822","$187,350","$1,875,504","$1,207,069","$258,279","$1,603,697","$314,593","$1,625,597","$715,078","$0","0.1 %","2.3 %","1.0 %","33.1 %","0.6 %","2.0 %","33.9 %","0.2 %","0.6 %","6.5 %","4.2 %","0.9 %","5.5 %","1.1 %","5.6 %","2.5 %","0.0 %","$88,873,806","$38,302","$3,788,670","$1,205,388","$25,065,996","$2,643,521","$2,964,401","$18,809,519","$77,370","$1,113,718","$5,822,420","$1,858,202","$545,403","$6,454,504","$961,394","$15,037,455","$2,487,543","$0","0.0 %","4.3 %","1.4 %","28.2 %","3.0 %","3.3 %","21.2 %","0.1 %","1.3 %","6.6 %","2.1 %","0.6 %","7.3 %","1.1 %","16.9 %","2.8 %","0.0 %","100.0 %","17.6 %","23.7 %","38.2 %","7.1 %","19.2 %","52.2 %","59.2 %","16.8 %","32.2 %","65.0 %","47.4 %","24.8 %","32.7 %","10.8 %","28.7 %","0.0 %","$1,277","$2,436","$954","$1,138","$3,147","$235","$655","$70","$384","$8,704,074","$8,661,143","$7,337,189","$572,569","30.0 %","29.9 %","25.3 %","2.0 %","$11,331,019","$10,042,477","$5,974,220","$1,625,597","39.1 %","34.7 %","20.6 %","5.6 %","$35,706,278","$20,000,607","$18,129,466","$15,037,455","40.2 %","22.5 %","20.4 %","16.9 %","$3,635,435","$0","$8,462","$7,952","$2,068,920","$6,765","$526","$1,295,714","$78","$17,350","$136,295","$6,202","$9,261","$9,481","$0","$34,491","$33,938","$0","0.0 %","0.2 %","0.2 %","56.9 %","0.2 %","0.0 %","35.6 %","0.0 %","0.5 %","3.7 %","0.2 %","0.3 %","0.3 %","0.0 %","0.9 %","0.9 %","0.0 %"
"2015","States","New Mexico","$6,116,197","$0","$341,628","$1,812","$1,449,174","$61,854","$36,091","$2,796,948","$0","$4,469","$1,057,561","$137,703","$0","$27,852","$0","$183,330","$17,775","$0","0.0 %","5.6 %","0.0 %","23.7 %","1.0 %","0.6 %","45.7 %","0.0 %","0.1 %","17.3 %","2.3 %","0.0 %","0.5 %","0.0 %","3.0 %","0.3 %","0.0 %","$31,405,817","$0","$2,145,963","$379,763","$10,796,879","$1,264,604","$501,599","$9,118,264","$0","$43,151","$4,825,687","$643,959","$1","$194,869","$0","$1,465,315","$25,763","$0","0.0 %","6.8 %","1.2 %","34.4 %","4.0 %","1.6 %","29.0 %","0.0 %","0.1 %","15.4 %","2.1 %","0.0 %","0.6 %","0.0 %","4.7 %","0.1 %","0.0 %","0.0 %","15.9 %","0.5 %","13.4 %","4.9 %","7.2 %","30.7 %","0.0 %","10.4 %","21.9 %","21.4 %","0.0 %","14.3 %","0.0 %","12.5 %","69.0 %","0.0 %","$0","$1,364","$384","$1,042","$5,671","$269","$288","$0","$1,269","$1,852,300","$2,796,948","$1,449,174","$17,775","30.3 %","45.7 %","23.7 %","0.3 %","$1,890,559","$2,801,417","$1,240,891","$183,330","30.9 %","45.8 %","20.3 %","3.0 %","$15,088,808","$9,161,415","$5,690,279","$1,465,315","48.0 %","29.2 %","18.1 %","4.7 %","$2,008,903","$0","$22,284","$9,849","$571,345","$62,058","$0","$1,124,371","$0","$2,881","$123,249","$0","$0","$0","$0","$92,866","$0","$0","0.0 %","1.1 %","0.5 %","28.4 %","3.1 %","0.0 %","56.0 %","0.0 %","0.1 %","6.1 %","0.0 %","0.0 %","0.0 %","0.0 %","4.6 %","0.0 %","0.0 %"
"2015","States","New York","$58,598,771","$207,081","$69,107","$0","$14,016,505","$205,369","$563,665","$25,265,791","$251,929","$33,030","$3,395,544","$2,278,896","$546,163","$6,439,354","$252,910","$3,365,187","$1,708,240","$0","0.4 %","0.1 %","0.0 %","23.9 %","0.4 %","1.0 %","43.1 %","0.4 %","0.1 %","5.8 %","3.9 %","0.9 %","11.0 %","0.4 %","5.7 %","2.9 %","0.0 %","$424,318,714","$34,536,995","$8,809,690","$0","$83,051,078","$4,808,329","$42,422,390","$98,501,205","$776,744","$576,197","$20,068,470","$3,467,582","$1,592,758","$46,125,678","$1,426,501","$63,030,413","$15,124,684","$0","8.1 %","2.1 %","0.0 %","19.6 %","1.1 %","10.0 %","23.2 %","0.2 %","0.1 %","4.7 %","0.8 %","0.4 %","10.9 %","0.3 %","14.9 %","3.6 %","0.0 %","0.6 %","0.8 %","0.0 %","16.9 %","4.3 %","1.3 %","25.7 %","32.4 %","5.7 %","16.9 %","65.7 %","34.3 %","14.0 %","17.7 %","5.3 %","11.3 %","0.0 %","$4,505","$1,738","$0","$1,326","$2,902","$811","$561","$123","$232","$17,648,328","$25,749,337","$14,313,907","$39,883","30.1 %","43.9 %","24.4 %","0.1 %","$15,061,727","$25,550,750","$14,621,107","$3,365,187","25.7 %","43.6 %","25.0 %","5.7 %","$173,628,482","$99,854,146","$87,805,673","$63,030,413","40.9 %","23.5 %","20.7 %","14.9 %","$0","$0","$0","$0","$0","$0","$0","$0","$0","$0","$0","$0","$0","$0","$0","$0","$0","$0","0.0 %","0.0 %","0.0 %","0.0 %","0.0 %","0.0 %","0.0 %","0.0 %","0.0 %","0.0 %","0.0 %","0.0 %","0.0 %","0.0 %","0.0 %","0.0 %","0.0 %"
"2015","States","North Carolina","$24,428,313","$2,236,028","$24,617","$662,927","$5,253,670","$620,005","$367,602","$7,872,981","$0","$0","$3,360,745","$422,731","$0","$967,202","$0","$1,997,955","$641,850","$0","9.2 %","0.1 %","2.7 %","21.5 %","2.5 %","1.5 %","32.2 %","0.0 %","0.0 %","13.8 %","1.7 %","0.0 %","4.0 %","0.0 %","8.2 %","2.6 %","0.0 %","$68,725,351","$14,808,132","$163,026","$4,390,246","$14,784,328","$4,105,990","$767,598","$10,743,143","$0","$0","$7,017,634","$507,641","$0","$2,019,633","$0","$8,705,666","$712,314","$0","21.5 %","0.2 %","6.4 %","21.5 %","6.0 %","1.1 %","15.6 %","0.0 %","0.0 %","10.2 %","0.7 %","0.0 %","2.9 %","0.0 %","12.7 %","1.0 %","0.0 %","15.1 %","15.1 %","15.1 %","35.5 %","15.1 %","47.9 %","73.3 %","0.0 %","0.0 %","47.9 %","83.3 %","0.0 %","47.9 %","0.0 %","23.0 %","90.1 %","0.0 %","$3,672","$1,791","$1,714","$810","$3,841","$5,728","$458","$0","$0","$10,767,371","$7,872,981","$5,253,670","$534,291","44.1 %","32.2 %","21.5 %","2.2 %","$9,164,849","$7,872,981","$5,392,528","$1,997,955","37.5 %","32.2 %","22.1 %","8.2 %","$39,019,320","$10,743,143","$10,257,222","$8,705,666","56.8 %","15.6 %","14.9 %","12.7 %","$1,651,972","$83,334","$3,041","$56,048","$553,832","$62,677","$126","$760,976","$0","$0","$96,090","$5,935","$0","$601","$0","$25,083","$4,229","$0","5.0 %","0.2 %","3.4 %","33.5 %","3.8 %","0.0 %","46.1 %","0.0 %","0.0 %","5.8 %","0.4 %","0.0 %","0.0 %","0.0 %","1.5 %","0.3 %","0.0 %"
"2015","States","North Dakota","$4,845,949","$0","$0","$0","$1,532,135","$0","$0","$1,715,693","$0","$0","$0","$284,132","$0","$61,198","$0","$860,476","$392,314","$0","0.0 %","0.0 %","0.0 %","31.6 %","0.0 %","0.0 %","35.4 %","0.0 %","0.0 %","0.0 %","5.9 %","0.0 %","1.3 %","0.0 %","17.8 %","8.1 %","0.0 %","$12,858,452","$0","$0","$0","$3,706,935","$0","$0","$4,674,834","$0","$0","$1,876,187","$336,019","$25,159","$61,198","$0","$1,487,415","$690,705","$0","0.0 %","0.0 %","0.0 %","28.8 %","0.0 %","0.0 %","36.4 %","0.0 %","0.0 %","14.6 %","2.6 %","0.2 %","0.5 %","0.0 %","11.6 %","5.4 %","0.0 %","0.0 %","0.0 %","0.0 %","41.3 %","0.0 %","0.0 %","36.7 %","0.0 %","0.0 %","0.0 %","84.6 %","0.0 %","100.0 %","0.0 %","57.9 %","56.8 %","0.0 %","$0","$0","$0","$725","$0","$0","$345","$0","$0","$1,591,817","$1,275,267","$1,146,051","$6,304","32.8 %","26.3 %","23.6 %","0.1 %","$1,532,135","$1,715,693","$737,644","$860,476","31.6 %","35.4 %","15.2 %","17.8 %","$3,706,935","$4,674,834","$2,989,268","$1,487,415","28.8 %","36.4 %","23.2 %","11.6 %","$2,976,445","$0","$0","$0","$1,089,093","$0","$0","$1,654,482","$0","$0","$0","$1,746","$0","$0","$0","$1,964","$229,159","$0","0.0 %","0.0 %","0.0 %","36.6 %","0.0 %","0.0 %","55.6 %","0.0 %","0.0 %","0.0 %","0.1 %","0.0 %","0.0 %","0.0 %","0.1 %","7.7 %","0.0 %"
"2015","States","Ohio","$27,670,243","$748,960","$1,079,354","$83,600","$9,453,551","$385,530","$386,380","$5,858,520","$15,969","$85,388","$3,750,836","$748,851","$22,637","$822,514","$95,394","$3,013,522","$1,119,237","$0","2.7 %","3.9 %","0.3 %","34.2 %","1.4 %","1.4 %","21.2 %","0.1 %","0.3 %","13.6 %","2.7 %","0.1 %","3.0 %","0.3 %","10.9 %","4.0 %","0.0 %","$83,615,478","$1,965,039","$2,223,642","$349,760","$37,186,736","$1,830,220","$1,059,639","$14,471,106","$15,969","$224,509","$13,076,344","$1,183,037","$43,752","$1,310,646","$146,931","$5,916,159","$2,611,989","$0","2.4 %","2.7 %","0.4 %","44.5 %","2.2 %","1.3 %","17.3 %","0.0 %","0.3 %","15.6 %","1.4 %","0.1 %","1.6 %","0.2 %","7.1 %","3.1 %","0.0 %","38.1 %","48.5 %","23.9 %","25.4 %","21.1 %","36.5 %","40.5 %","100.0 %","38.0 %","28.7 %","63.3 %","51.7 %","62.8 %","64.9 %","50.9 %","42.8 %","0.0 %","$1,290","$641","$151","$991","$8,928","$849","$309","$154","$384","$11,752,749","$5,875,410","$9,499,533","$542,551","42.5 %","21.2 %","34.3 %","2.0 %","$12,137,375","$5,959,877","$6,559,469","$3,013,522","43.9 %","21.5 %","23.7 %","10.9 %","$44,615,036","$14,711,584","$18,372,699","$5,916,159","53.4 %","17.6 %","22.0 %","7.1 %","$5,584,470","$31,867","$69,937","$20,829","$2,904,427","$105,859","$817","$1,859,885","$0","$16,034","$496,075","$4,902","$4,217","$30,914","$0","$14,993","$23,714","$0","0.6 %","1.3 %","0.4 %","52.0 %","1.9 %","0.0 %","33.3 %","0.0 %","0.3 %","8.9 %","0.1 %","0.1 %","0.6 %","0.0 %","0.3 %","0.4 %","0.0 %"
"2015","States","Oklahoma","$11,712,435","$0","$592,122","$15,247","$2,939,932","$0","$7,781","$5,546,934","$10,304","$7,546","$899,045","$287,138","$80,528","$293,550","$718,167","$167,336","$146,805","$0","0.0 %","5.1 %","0.1 %","25.1 %","0.0 %","0.1 %","47.4 %","0.1 %","0.1 %","7.7 %","2.5 %","0.7 %","2.5 %","6.1 %","1.4 %","1.3 %","0.0 %","$23,099,186","$0","$760,347","$21,849","$7,270,927","$0","$10,664","$11,276,839","$21,112","$11,642","$1,162,894","$467,980","$161,276","$543,012","$962,015","$249,019","$179,610","$0","0.0 %","3.3 %","0.1 %","31.5 %","0.0 %","0.0 %","48.8 %","0.1 %","0.1 %","5.0 %","2.0 %","0.7 %","2.4 %","4.2 %","1.1 %","0.8 %","0.0 %","0.0 %","77.9 %","69.8 %","40.4 %","0.0 %","73.0 %","49.2 %","48.8 %","64.8 %","77.3 %","61.4 %","49.9 %","54.1 %","74.7 %","67.2 %","81.7 %","0.0 %","$0","$654","$114","$758","$0","$175","$640","$71","$147","$3,007,104","$4,459,880","$1,965,327","$146,805","25.7 %","38.1 %","16.8 %","1.3 %","$3,555,082","$5,564,784","$2,425,233","$167,336","30.4 %","47.5 %","20.7 %","1.4 %","$8,063,787","$11,309,593","$3,476,787","$249,019","34.9 %","49.0 %","15.1 %","1.1 %","$2,261,386","$0","$28,653","$90","$640,469","$0","$0","$1,439,317","$20,526","$2,069","$36,190","$548","$0","$57,475","$1,961","$34,013","$75","$0","0.0 %","1.3 %","0.0 %","28.3 %","0.0 %","0.0 %","63.6 %","0.9 %","0.1 %","1.6 %","0.0 %","0.0 %","2.5 %","0.1 %","1.5 %","0.0 %","0.0 %"
"2015","States","Oregon","$8,724,708","$0","$0","$1,664","$3,035,297","$8,648","$423,704","$2,912,628","$586","$12,249","$231,777","$218,847","$32,717","$460,663","$45,632","$997,052","$342,804","$440","0.0 %","0.0 %","0.0 %","34.8 %","0.1 %","4.9 %","33.4 %","0.0 %","0.1 %","2.7 %","2.5 %","0.4 %","5.3 %","0.5 %","11.4 %","3.9 %","0.0 %","$29,982,140","$1,192,174","$3,821,434","$56,883","$9,286,179","$57,892","$3,646,706","$5,408,545","$586","$30,934","$1,269,471","$591,581","$35,107","$969,727","$75,786","$2,861,410","$677,285","$440","4.0 %","12.7 %","0.2 %","31.0 %","0.2 %","12.2 %","18.0 %","0.0 %","0.1 %","4.2 %","2.0 %","0.1 %","3.2 %","0.3 %","9.5 %","2.3 %","0.0 %","0.0 %","0.0 %","2.9 %","32.7 %","14.9 %","11.6 %","53.9 %","100.0 %","39.6 %","18.3 %","37.0 %","93.2 %","47.5 %","60.2 %","34.8 %","50.6 %","100.0 %","$651","$1,007","$243","$689","$1,286","$422","$197","$1","$63","$2,379,060","$2,925,153","$3,042,983","$194,758","27.3 %","33.5 %","34.9 %","2.2 %","$3,469,313","$2,925,463","$1,332,880","$997,052","39.8 %","33.5 %","15.3 %","11.4 %","$18,061,268","$5,440,065","$3,619,397","$2,861,410","60.2 %","18.1 %","12.1 %","9.5 %","$2,979,248","$6,085","$12,373","$0","$1,535,248","$0","$1,985","$934,479","$0","$0","$42,501","$293,345","$0","$0","$0","$153,232","$0","$0","0.2 %","0.4 %","0.0 %","51.5 %","0.0 %","0.1 %","31.4 %","0.0 %","0.0 %","1.4 %","9.8 %","0.0 %","0.0 %","0.0 %","5.1 %","0.0 %","0.0 %"
"2015","States","Pennsylvania","$101,141,496","$41,696,833","$5,448,715","$0","$25,298,425","$3,760,461","$83,079","$11,764,276","$93","$6,537","$3,668,513","$983,783","$1,023","$264,944","$35,744","$7,995,434","$133,635","$0","41.2 %","5.4 %","0.0 %","25.0 %","3.7 %","0.1 %","11.6 %","0.0 %","0.0 %","3.6 %","1.0 %","0.0 %","0.3 %","0.0 %","7.9 %","0.1 %","0.0 %","$309,202,209","$49,457,948","$10,791,227","$0","$40,157,990","$4,973,007","$79,622,242","$29,727,191","$93","$6,537","$16,659,614","$1,513,000","$1,023","$27,052,793","$1,348,351","$47,757,558","$133,635","$0","16.0 %","3.5 %","0.0 %","13.0 %","1.6 %","25.8 %","9.6 %","0.0 %","0.0 %","5.4 %","0.5 %","0.0 %","8.7 %","0.4 %","15.4 %","0.0 %","0.0 %","84.3 %","50.5 %","0.0 %","63.0 %","75.6 %","0.1 %","39.6 %","100.0 %","100.0 %","22.0 %","65.0 %","100.0 %","1.0 %","2.7 %","16.7 %","100.0 %","0.0 %","$3,411","$1,609","$0","$1,220","$5,501","$2,345","$444","$31","$156","$63,944,044","$11,764,276","$25,298,425","$134,751","63.2 %","11.6 %","25.0 %","0.1 %","$76,287,513","$11,770,907","$5,087,642","$7,995,434","75.4 %","11.6 %","5.0 %","7.9 %","$185,002,414","$29,733,822","$46,708,415","$47,757,558","59.8 %","9.6 %","15.1 %","15.4 %","$0","$0","$0","$0","$0","$0","$0","$0","$0","$0","$0","$0","$0","$0","$0","$0","$0","$0","0.0 %","0.0 %","0.0 %","0.0 %","0.0 %","0.0 %","0.0 %","0.0 %","0.0 %","0.0 %","0.0 %","0.0 %","0.0 %","0.0 %","0.0 %","0.0 %","0.0 %"
"2015","States","Rhode Island","$3,671,785","$0","$0","$0","$833,214","$0","$592,220","$1,454,440","$0","$0","$27,651","$67,227","$30,723","$299,854","$99,715","$168,741","$98,000","$0","0.0 %","0.0 %","0.0 %","22.7 %","0.0 %","16.1 %","39.6 %","0.0 %","0.0 %","0.8 %","1.8 %","0.8 %","8.2 %","2.7 %","4.6 %","2.7 %","0.0 %","$5,015,329","$0","$0","$0","$1,491,409","$0","$592,220","$2,139,789","$0","$0","$27,651","$67,227","$30,723","$299,854","$99,715","$168,741","$98,000","$0","0.0 %","0.0 %","0.0 %","29.7 %","0.0 %","11.8 %","42.7 %","0.0 %","0.0 %","0.6 %","1.3 %","0.6 %","6.0 %","2.0 %","3.4 %","2.0 %","0.0 %","0.0 %","0.0 %","0.0 %","55.9 %","0.0 %","100.0 %","68.0 %","0.0 %","0.0 %","100.0 %","100.0 %","100.0 %","100.0 %","100.0 %","100.0 %","100.0 %","0.0 %","$0","$0","$0","$770","$0","$649","$385","$0","$0","$1,286,131","$1,454,440","$833,214","$98,000","35.0 %","39.6 %","22.7 %","2.7 %","$1,425,434","$1,454,440","$623,170","$168,741","38.8 %","39.6 %","17.0 %","4.6 %","$2,083,629","$2,139,789","$623,170","$168,741","41.5 %","42.7 %","12.4 %","3.4 %","$1,053,544","$0","$0","$0","$368,195","$0","$0","$685,349","$0","$0","$0","$0","$0","$0","$0","$0","$0","$0","0.0 %","0.0 %","0.0 %","34.9 %","0.0 %","0.0 %","65.1 %","0.0 %","0.0 %","0.0 %","0.0 %","0.0 %","0.0 %","0.0 %","0.0 %","0.0 %","0.0 %"
"2015","States","South Carolina","$11,940,994","$16,448","$304,829","$0","$4,366,877","$0","$0","$3,076,959","$0","$103,700","$2,103,653","$175,770","$0","$799,843","$16,323","$735,602","$240,991","$0","0.1 %","2.6 %","0.0 %","36.6 %","0.0 %","0.0 %","25.8 %","0.0 %","0.9 %","17.6 %","1.5 %","0.0 %","6.7 %","0.1 %","6.2 %","2.0 %","0.0 %","$27,461,135","$389,419","$2,784,821","$0","$9,452,458","$0","$1,920","$5,457,147","$0","$235,350","$4,516,326","$210,902","$3,014","$799,843","$16,323","$1,338,114","$318,528","$1,936,970","1.4 %","10.1 %","0.0 %","34.4 %","0.0 %","0.0 %","19.9 %","0.0 %","0.9 %","16.4 %","0.8 %","0.0 %","2.9 %","0.1 %","4.9 %","1.2 %","7.1 %","4.2 %","10.9 %","0.0 %","46.2 %","0.0 %","0.0 %","56.4 %","0.0 %","44.1 %","46.6 %","83.3 %","0.0 %","100.0 %","100.0 %","55.0 %","75.7 %","0.0 %","$1,716","$1,064","$0","$768","$0","$480","$621","$0","$759","$4,256,166","$3,076,959","$4,366,877","$240,991","35.6 %","25.8 %","36.6 %","2.0 %","$4,688,154","$3,180,659","$3,336,580","$735,602","39.3 %","26.6 %","27.9 %","6.2 %","$12,628,618","$5,692,497","$7,801,907","$1,338,114","46.0 %","20.7 %","28.4 %","4.9 %","$343,100","$1,660","$9,074","$0","$88,812","$0","$0","$208,540","$0","$1,712","$32,265","$150","$0","$0","$0","$0","$888","$0","0.5 %","2.6 %","0.0 %","25.9 %","0.0 %","0.0 %","60.8 %","0.0 %","0.5 %","9.4 %","0.0 %","0.0 %","0.0 %","0.0 %","0.0 %","0.3 %","0.0 %"
"2015","States","South Dakota","$5,431,095","$0","$0","$0","$1,009,975","$299,709","$1,426,068","$1,924,457","$0","$0","$338,484","$119,748","$0","$129,468","$0","$93,688","$89,498","$0","0.0 %","0.0 %","0.0 %","18.6 %","5.5 %","26.3 %","35.4 %","0.0 %","0.0 %","6.2 %","2.2 %","0.0 %","2.4 %","0.0 %","1.7 %","1.6 %","0.0 %","$14,300,882","$0","$0","$0","$2,718,436","$618,359","$4,453,073","$5,201,665","$0","$0","$564,470","$140,880","$1","$404,278","$1","$110,221","$89,498","$0","0.0 %","0.0 %","0.0 %","19.0 %","4.3 %","31.1 %","36.4 %","0.0 %","0.0 %","3.9 %","1.0 %","0.0 %","2.8 %","0.0 %","0.8 %","0.6 %","0.0 %","0.0 %","0.0 %","0.0 %","37.2 %","48.5 %","32.0 %","37.0 %","0.0 %","0.0 %","60.0 %","85.0 %","0.0 %","32.0 %","0.0 %","85.0 %","100.0 %","0.0 %","$0","$0","$0","$983","$3,637","$795","$606","$0","$0","$2,407,165","$1,924,457","$1,009,975","$89,498","44.3 %","35.4 %","18.6 %","1.6 %","$2,735,752","$1,924,457","$677,198","$93,688","50.4 %","35.4 %","12.5 %","1.7 %","$7,789,868","$5,201,665","$1,199,128","$110,221","54.5 %","36.4 %","8.4 %","0.8 %","$3,378,317","$0","$0","$0","$1,110,686","$148,226","$0","$2,103,460","$0","$0","$15,945","$0","$0","$0","$0","$0","$0","$0","0.0 %","0.0 %","0.0 %","32.9 %","4.4 %","0.0 %","62.3 %","0.0 %","0.0 %","0.5 %","0.0 %","0.0 %","0.0 %","0.0 %","0.0 %","0.0 %","0.0 %"
"2015","States","Tennessee","$15,733,354","$73,268","$889,687","$540","$5,027,687","$9,300","$1,270,506","$4,041,019","$4,507","$16,545","$1,248,222","$391,008","$25,537","$462,323","$182,986","$1,795,753","$280,066","$14,400","0.5 %","5.7 %","0.0 %","32.0 %","0.1 %","8.1 %","25.7 %","0.0 %","0.1 %","7.9 %","2.5 %","0.2 %","2.9 %","1.2 %","11.4 %","1.8 %","0.1 %","$35,363,162","$853,758","$4,054,445","$1,867","$8,682,344","$154,390","$2,548,860","$5,538,717","$5,184","$25,430","$1,720,784","$473,019","$28,088","$1,128,140","$572,946","$9,189,914","$355,287","$29,989","2.4 %","11.5 %","0.0 %","24.6 %","0.4 %","7.2 %","15.7 %","0.0 %","0.1 %","4.9 %","1.3 %","0.1 %","3.2 %","1.6 %","26.0 %","1.0 %","0.1 %","8.6 %","21.9 %","28.9 %","57.9 %","6.0 %","49.8 %","73.0 %","86.9 %","65.1 %","72.5 %","82.7 %","90.9 %","41.0 %","31.9 %","19.5 %","78.8 %","48.0 %","$1,009","$1,493","$81","$1,067","$5,146","$196","$428","$96","$161","$6,071,841","$4,140,769","$4,900,639","$368,259","38.6 %","26.3 %","31.1 %","2.3 %","$7,270,988","$4,062,071","$2,604,542","$1,795,753","46.2 %","25.8 %","16.6 %","11.4 %","$16,295,664","$5,569,331","$4,308,253","$9,189,914","46.1 %","15.7 %","12.2 %","26.0 %","$942,695","$128","$7,099","$0","$394,580","$0","$0","$267,583","$0","$0","$67,028","$6,411","$0","$0","$0","$197,058","$2,808","$0","0.0 %","0.8 %","0.0 %","41.9 %","0.0 %","0.0 %","28.4 %","0.0 %","0.0 %","7.1 %","0.7 %","0.0 %","0.0 %","0.0 %","20.9 %","0.3 %","0.0 %"
"2015","States","Texas","$52,106,106","$954,813","$698,122","$23,960","$15,029,865","$81,493","$3,176,547","$16,196,604","$0","$0","$3,759,311","$1,959,637","$36,908","$2,225,541","$0","$5,306,674","$2,654,052","$2,579","1.8 %","1.3 %","0.0 %","28.8 %","0.2 %","6.1 %","31.1 %","0.0 %","0.0 %","7.2 %","3.8 %","0.1 %","4.3 %","0.0 %","10.2 %","5.1 %","0.0 %","$108,976,527","$1,108,544","$815,241","$23,960","$52,248,787","$155,236","$3,658,113","$27,824,380","$0","$0","$7,143,418","$3,531,430","$36,908","$2,739,387","$0","$6,677,196","$3,011,348","$2,579","1.0 %","0.7 %","0.0 %","47.9 %","0.1 %","3.4 %","25.5 %","0.0 %","0.0 %","6.6 %","3.2 %","0.0 %","2.5 %","0.0 %","6.1 %","2.8 %","0.0 %","86.1 %","85.6 %","100.0 %","28.8 %","52.5 %","86.8 %","58.2 %","0.0 %","0.0 %","52.6 %","55.5 %","100.0 %","81.2 %","0.0 %","79.5 %","88.1 %","100.0 %","$1,354","$637","$685","$781","$3,450","$268","$435","$0","$0","$19,717,693","$16,221,162","$15,042,215","$1,125,036","37.8 %","31.1 %","28.9 %","2.2 %","$19,964,800","$16,196,604","$10,638,028","$5,306,674","38.3 %","31.1 %","20.4 %","10.2 %","$58,009,881","$27,824,380","$16,465,070","$6,677,196","53.2 %","25.5 %","15.1 %","6.1 %","$4,226,231","$2,593","$15,646","$0","$1,484,580","$0","$2,182","$2,556,895","$0","$0","$147,520","$11,843","$0","$0","$0","$0","$4,972","$0","0.1 %","0.4 %","0.0 %","35.1 %","0.0 %","0.1 %","60.5 %","0.0 %","0.0 %","3.5 %","0.3 %","0.0 %","0.0 %","0.0 %","0.0 %","0.1 %","0.0 %"
"2015","States","Utah","$5,300,826","$24,506","$65,796","$54,295","$1,320,300","$14,352","$12,026","$2,018,691","$0","$45,770","$418,139","$77,758","$21,217","$298,642","$228,856","$628,606","$71,872","$0","0.5 %","1.2 %","1.0 %","24.9 %","0.3 %","0.2 %","38.1 %","0.0 %","0.9 %","7.9 %","1.5 %","0.4 %","5.6 %","4.3 %","11.9 %","1.4 %","0.0 %","$27,489,890","$55,598","$272,173","$134,073","$8,260,720","$21,968","$35,401","$5,938,405","$0","$301,576","$3,512,459","$104,853","$53,636","$1,375,219","$925,908","$6,371,411","$126,490","$0","0.2 %","1.0 %","0.5 %","30.1 %","0.1 %","0.1 %","21.6 %","0.0 %","1.1 %","12.8 %","0.4 %","0.2 %","5.0 %","3.4 %","23.2 %","0.5 %","0.0 %","44.1 %","24.2 %","40.5 %","16.0 %","65.3 %","34.0 %","34.0 %","0.0 %","15.2 %","11.9 %","74.2 %","39.6 %","21.7 %","24.7 %","9.9 %","56.8 %","0.0 %","$1,737","$1,630","$116","$868","$5,492","$377","$229","$0","$461","$1,776,154","$2,013,356","$1,391,440","$107,107","33.5 %","38.0 %","26.2 %","2.0 %","$1,491,275","$2,064,461","$1,116,484","$628,606","28.1 %","38.9 %","21.1 %","11.9 %","$8,779,933","$6,239,981","$6,098,565","$6,371,411","31.9 %","22.7 %","22.2 %","23.2 %","$3,908,082","$1,134","$3,470","$65","$1,603,871","$0","$1,005","$1,189,425","$0","$100,624","$346,660","$569","$15,196","$305,315","$185,194","$130,053","$25,501","$0","0.0 %","0.1 %","0.0 %","41.0 %","0.0 %","0.0 %","30.4 %","0.0 %","2.6 %","8.9 %","0.0 %","0.4 %","7.8 %","4.7 %","3.3 %","0.7 %","0.0 %"
"2015","States","Vermont","$4,941,978","$0","$10,092","$0","$1,548,990","$0","$926,112","$1,377,985","$15,608","$0","$58,071","$217,835","$34,490","$482,385","$0","$189,749","$80,661","$0","0.0 %","0.2 %","0.0 %","31.3 %","0.0 %","18.7 %","27.9 %","0.3 %","0.0 %","1.2 %","4.4 %","0.7 %","9.8 %","0.0 %","3.8 %","1.6 %","0.0 %","$17,230,860","$0","$13,402","$0","$4,198,730","$0","$6,422,912","$2,392,049","$39,858","$0","$247,979","$280,057","$50,827","$1,097,202","$0","$2,353,239","$134,605","$0","0.0 %","0.1 %","0.0 %","24.4 %","0.0 %","37.3 %","13.9 %","0.2 %","0.0 %","1.4 %","1.6 %","0.3 %","6.4 %","0.0 %","13.7 %","0.8 %","0.0 %","0.0 %","75.3 %","0.0 %","36.9 %","0.0 %","14.4 %","57.6 %","39.2 %","0.0 %","23.4 %","77.8 %","67.9 %","44.0 %","0.0 %","8.1 %","59.9 %","0.0 %","$0","$344","$0","$855","$0","$944","$216","$369","$0","$1,908,760","$1,391,993","$1,548,990","$92,235","38.6 %","28.2 %","31.3 %","1.9 %","$2,485,194","$1,393,593","$873,442","$189,749","50.3 %","28.2 %","17.7 %","3.8 %","$10,635,044","$2,431,907","$1,810,670","$2,353,239","61.7 %","14.1 %","10.5 %","13.7 %","$1,450,487","$0","$0","$0","$472,447","$0","$327,594","$650,446","$0","$0","$0","$0","$0","$0","$0","$0","$0","$0","0.0 %","0.0 %","0.0 %","32.6 %","0.0 %","22.6 %","44.8 %","0.0 %","0.0 %","0.0 %","0.0 %","0.0 %","0.0 %","0.0 %","0.0 %","0.0 %","0.0 %"
"2015","States","Virginia","$21,108,005","$420,577","$727,601","$35,869","$5,807,916","$102,049","$210,939","$5,385,039","$0","$59,903","$2,305,175","$325,248","$0","$2,805,840","$0","$2,323,804","$598,045","$0","2.0 %","3.4 %","0.2 %","27.5 %","0.5 %","1.0 %","25.5 %","0.0 %","0.3 %","10.9 %","1.5 %","0.0 %","13.3 %","0.0 %","11.0 %","2.8 %","0.0 %","$44,839,131","$2,254,976","$2,309,602","$126,379","$13,862,784","$1,637,580","$211,220","$9,185,531","$0","$109,752","$6,155,406","$376,054","$0","$3,844,805","$0","$4,132,012","$633,030","$0","5.0 %","5.2 %","0.3 %","30.9 %","3.7 %","0.5 %","20.5 %","0.0 %","0.2 %","13.7 %","0.8 %","0.0 %","8.6 %","0.0 %","9.2 %","1.4 %","0.0 %","18.7 %","31.5 %","28.4 %","41.9 %","6.2 %","99.9 %","58.6 %","0.0 %","54.6 %","37.4 %","86.5 %","0.0 %","73.0 %","0.0 %","56.2 %","94.5 %","0.0 %","$2,318","$1,972","$409","$1,120","$4,962","$3,520","$756","$0","$989","$9,465,493","$5,385,039","$5,807,916","$449,557","44.8 %","25.5 %","27.5 %","2.1 %","$7,304,951","$5,444,942","$6,034,308","$2,323,804","34.6 %","25.8 %","28.6 %","11.0 %","$20,402,541","$9,295,283","$11,009,295","$4,132,012","45.5 %","20.7 %","24.6 %","9.2 %","$1,480,004","$139,316","$93,256","$1,219","$377,540","$230,552","$0","$486,651","$0","$1,671","$144,778","$4,990","$0","$30","$0","$0","$1","$0","9.4 %","6.3 %","0.1 %","25.5 %","15.6 %","0.0 %","32.9 %","0.0 %","0.1 %","9.8 %","0.3 %","0.0 %","0.0 %","0.0 %","0.0 %","0.0 %","0.0 %"
"2015","States","Washington","$15,536,124","$4,502","$0","$87,632","$4,228,136","$43,518","$529,313","$5,464,620","$0","$0","$795,492","$821,298","$48,516","$2,495,473","$25,478","$847,888","$144,258","$0","0.0 %","0.0 %","0.6 %","27.2 %","0.3 %","3.4 %","35.2 %","0.0 %","0.0 %","5.1 %","5.3 %","0.3 %","16.1 %","0.2 %","5.5 %","0.9 %","0.0 %","$30,651,197","$74,356","$0","$133,960","$6,787,280","$340,740","$990,985","$9,146,653","$0","$0","$1,741,190","$832,554","$52,897","$6,385,055","$35,394","$3,966,738","$163,395","$0","0.2 %","0.0 %","0.4 %","22.1 %","1.1 %","3.2 %","29.8 %","0.0 %","0.0 %","5.7 %","2.7 %","0.2 %","20.8 %","0.1 %","12.9 %","0.5 %","0.0 %","6.1 %","0.0 %","65.4 %","62.3 %","12.8 %","53.4 %","59.7 %","0.0 %","0.0 %","45.7 %","98.6 %","91.7 %","39.1 %","72.0 %","21.4 %","88.3 %","0.0 %","$465","$0","$403","$580","$1,670","$1,099","$212","$0","$0","$5,520,326","$5,506,713","$4,233,926","$275,150","35.5 %","35.4 %","27.3 %","1.8 %","$4,893,101","$5,464,620","$4,330,515","$847,888","31.5 %","35.2 %","27.9 %","5.5 %","$8,327,321","$9,146,653","$9,210,485","$3,966,738","27.2 %","29.8 %","30.0 %","12.9 %","$3,551,462","$0","$0","$0","$1,108,438","$0","$0","$2,302,336","$0","$0","$0","$0","$0","$0","$0","$140,688","$0","$0","0.0 %","0.0 %","0.0 %","31.2 %","0.0 %","0.0 %","64.8 %","0.0 %","0.0 %","0.0 %","0.0 %","0.0 %","0.0 %","0.0 %","4.0 %","0.0 %","0.0 %"
"2015","States","West Virginia","$6,677,193","$111,418","$226,536","$16,765","$2,528,229","$24,774","$0","$1,606,085","$0","$373,935","$1,139,870","$75,000","$0","$242,239","$50,995","$248,695","$32,652","$0","1.7 %","3.4 %","0.3 %","37.9 %","0.4 %","0.0 %","24.1 %","0.0 %","5.6 %","17.1 %","1.1 %","0.0 %","3.6 %","0.8 %","3.7 %","0.5 %","0.0 %","$19,889,227","$145,268","$364,963","$24,118","$8,504,671","$280,785","$0","$5,824,035","$0","$670,476","$2,621,162","$123,829","$0","$533,207","$117,226","$625,859","$53,627","$0","0.7 %","1.8 %","0.1 %","42.8 %","1.4 %","0.0 %","29.3 %","0.0 %","3.4 %","13.2 %","0.6 %","0.0 %","2.7 %","0.6 %","3.1 %","0.3 %","0.0 %","76.7 %","62.1 %","69.5 %","29.7 %","8.8 %","0.0 %","27.6 %","0.0 %","55.8 %","43.5 %","60.6 %","0.0 %","45.4 %","43.5 %","39.7 %","60.9 %","0.0 %","$1,068","$514","$431","$990","$13,371","$0","$289","$0","$411","$2,453,959","$1,606,085","$2,528,229","$88,890","36.8 %","24.1 %","37.9 %","1.3 %","$2,907,722","$1,980,020","$1,540,755","$248,695","43.5 %","29.7 %","23.1 %","3.7 %","$9,319,805","$6,494,511","$3,449,052","$625,859","46.9 %","32.7 %","17.3 %","3.1 %","$2,168,981","$0","$6,028","$1,912","$773,641","$666","$0","$1,169,065","$0","$38,260","$112,749","$20,568","$0","$13,302","$13,995","$18,795","$0","$0","0.0 %","0.3 %","0.1 %","35.7 %","0.0 %","0.0 %","53.9 %","0.0 %","1.8 %","5.2 %","0.9 %","0.0 %","0.6 %","0.6 %","0.9 %","0.0 %","0.0 %"
"2015","States","Wisconsin","$12,303,043","$173,308","$158,461","$167,130","$5,268,054","$80,724","$117,639","$2,981,684","$14,575","$45,469","$864,216","$463,654","$52,756","$522,550","$395,114","$563,987","$433,722","$0","1.4 %","1.3 %","1.4 %","42.8 %","0.7 %","1.0 %","24.2 %","0.1 %","0.4 %","7.0 %","3.8 %","0.4 %","4.2 %","3.2 %","4.6 %","3.5 %","0.0 %","$54,276,581","$311,278","$253,217","$327,567","$17,568,804","$114,019","$260,731","$18,782,278","$27,117","$788,208","$4,508,727","$3,706,431","$108,815","$3,899,620","$707,755","$2,074,790","$837,224","$0","0.6 %","0.5 %","0.6 %","32.4 %","0.2 %","0.5 %","34.6 %","0.0 %","1.5 %","8.3 %","6.8 %","0.2 %","7.2 %","1.3 %","3.8 %","1.5 %","0.0 %","55.7 %","62.6 %","51.0 %","30.0 %","70.8 %","45.1 %","15.9 %","53.7 %","5.8 %","19.2 %","12.5 %","48.5 %","13.4 %","55.8 %","27.2 %","51.8 %","0.0 %","$330","$446","$351","$836","$3,258","$311","$412","$169","$479","$3,667,494","$2,511,755","$5,290,853","$344,941","29.8 %","20.4 %","43.0 %","2.8 %","$5,965,316","$3,041,728","$2,732,012","$563,987","48.5 %","24.7 %","22.2 %","4.6 %","$18,835,616","$19,597,603","$13,768,572","$2,074,790","34.7 %","36.1 %","25.4 %","3.8 %","$11,142,108","$20,448","$9,208","$1,556","$5,927,558","$7,597","$1,741","$3,998,181","$0","$233,583","$442,951","$35,342","$1,494","$61,461","$35,515","$335,194","$30,279","$0","0.2 %","0.1 %","0.0 %","53.2 %","0.1 %","0.0 %","35.9 %","0.0 %","2.1 %","4.0 %","0.3 %","0.0 %","0.6 %","0.3 %","3.0 %","0.3 %","0.0 %"
"2015","States","Wyoming","$5,099,240","$0","$0","$0","$1,511,702","$0","$0","$1,898,441","$1,314","$364,099","$405,122","$51,759","$23,174","$5,931","$38,085","$638,666","$160,947","$0","0.0 %","0.0 %","0.0 %","29.6 %","0.0 %","0.0 %","37.2 %","0.0 %","7.1 %","7.9 %","1.0 %","0.5 %","0.1 %","0.7 %","12.5 %","3.2 %","0.0 %","$18,723,154","$739,250","$2,033,422","$13,020","$4,869,394","$35,400","$1,022,450","$6,409,382","$5,775","$734,272","$817,002","$54,459","$100,714","$11,961","$76,806","$1,596,887","$202,960","$0","3.9 %","10.9 %","0.1 %","26.0 %","0.2 %","5.5 %","34.2 %","0.0 %","3.9 %","4.4 %","0.3 %","0.5 %","0.1 %","0.4 %","8.5 %","1.1 %","0.0 %","0.0 %","0.0 %","0.0 %","31.0 %","0.0 %","0.0 %","29.6 %","22.8 %","49.6 %","49.6 %","95.0 %","23.0 %","49.6 %","49.6 %","40.0 %","79.3 %","0.0 %","$1,723","$1,340","$224","$1,041","$7,080","$477","$363","$31","$888","$1,503,662","$1,906,217","$1,528,414","$160,947","29.5 %","37.4 %","30.0 %","3.2 %","$1,511,702","$2,263,854","$685,018","$638,666","29.6 %","44.4 %","13.4 %","12.5 %","$8,712,936","$7,149,429","$1,263,902","$1,596,887","46.5 %","38.2 %","6.8 %","8.5 %","$3,340,758","$60,334","$165,959","$1,062","$927,143","$2,889","$83,448","$1,848,310","$1,424","$40,302","$44,843","$0","$22,259","$656","$4,215","$95,901","$42,013","$0","1.8 %","5.0 %","0.0 %","27.8 %","0.1 %","2.5 %","55.3 %","0.0 %","1.2 %","1.3 %","0.0 %","0.7 %","0.0 %","0.1 %","2.9 %","1.3 %","0.0 %"
"2015","States","Guam","$2,491,493","$27,345","$56,976","$62,431","$1,082,288","$161,573","$71,063","$544,497","$0","$146,757","$82,874","$32,635","$0","$108,468","$1,395","$76,861","$36,330","$0","1.1 %","2.3 %","2.5 %","43.4 %","6.5 %","2.9 %","21.9 %","0.0 %","5.9 %","3.3 %","1.3 %","0.0 %","4.4 %","0.1 %","3.1 %","1.5 %","0.0 %","$9,829,356","$242,733","$505,279","$553,616","$1,861,247","$1,431,616","$629,675","$590,150","$0","$1,300,340","$734,306","$289,588","$0","$961,082","$12,364","$681,030","$36,330","$0","2.5 %","5.1 %","5.6 %","18.9 %","14.6 %","6.4 %","6.0 %","0.0 %","13.2 %","7.5 %","2.9 %","0.0 %","9.8 %","0.1 %","6.9 %","0.4 %","0.0 %","11.3 %","11.3 %","11.3 %","58.1 %","11.3 %","11.3 %","92.3 %","0.0 %","11.3 %","11.3 %","11.3 %","0.0 %","11.3 %","11.3 %","11.3 %","100.0 %","0.0 %","$889","$1,021","$1,098","$1,066","$9,357","$309","$429","$0","$3,592","$2,491,493","$0","$0","$0","100.0 %","0.0 %","0.0 %","0.0 %","$1,461,676","$691,254","$261,702","$76,861","58.7 %","27.7 %","10.5 %","3.1 %","$5,224,166","$1,890,490","$2,033,670","$681,030","53.1 %","19.2 %","20.7 %","6.9 %","$48,381","$443","$443","$443","$0","$46,606","$20","$0","$0","$0","$0","$426","$0","$0","$0","$0","$0","$0","0.9 %","0.9 %","0.9 %","0.0 %","96.3 %","0.0 %","0.0 %","0.0 %","0.0 %","0.0 %","0.9 %","0.0 %","0.0 %","0.0 %","0.0 %","0.0 %","0.0 %"
"2015","States","Puerto Rico","$9,604,650","$419,759","$1,589,130","$0","$1,938,668","$242,313","$677,655","$2,872,610","$0","$34,844","$622,601","$270,555","$0","$263,528","$16,920","$502,618","$153,449","$0","4.4 %","16.5 %","0.0 %","20.2 %","2.5 %","7.1 %","29.9 %","0.0 %","0.4 %","6.5 %","2.8 %","0.0 %","2.7 %","0.2 %","5.2 %","1.6 %","0.0 %","$11,217,188","$626,506","$1,785,540","$19,626","$2,154,076","$403,854","$761,410","$3,264,330","$23,240","$38,715","$660,617","$270,555","$81,531","$296,099","$19,011","$639,664","$172,414","$0","5.6 %","15.9 %","0.2 %","19.2 %","3.6 %","6.8 %","29.1 %","0.2 %","0.3 %","5.9 %","2.4 %","0.7 %","2.6 %","0.2 %","5.7 %","1.5 %","0.0 %","67.0 %","89.0 %","0.0 %","90.0 %","60.0 %","89.0 %","88.0 %","0.0 %","90.0 %","94.2 %","100.0 %","0.0 %","89.0 %","89.0 %","78.6 %","89.0 %","0.0 %","$44","$1,138","$103","$252","$751","$22","$345","$26","$6","$4,639,923","$2,872,610","$1,938,668","$153,449","48.3 %","29.9 %","20.2 %","1.6 %","$4,867,525","$2,907,454","$1,327,053","$502,618","50.7 %","30.3 %","13.8 %","5.2 %","$5,751,012","$3,326,285","$1,500,227","$639,664","51.3 %","29.7 %","13.4 %","5.7 %","$209,504","$0","$0","$0","$5,814","$0","$0","$76,064","$0","$0","$127,626","$0","$0","$0","$0","$0","$0","$0","0.0 %","0.0 %","0.0 %","2.8 %","0.0 %","0.0 %","36.3 %","0.0 %","0.0 %","60.9 %","0.0 %","0.0 %","0.0 %","0.0 %","0.0 %","0.0 %","0.0 %"
